ARATO,Hass,Lula,Foliar,Cuajado de fruto,2014-2015,119 A,V,3,07/11/2014,2.46,0.25,1.51,1.45,0.36,0.38,359,12,66,63,113,0.2,313,486
ARATO,Hass,Zutano,Foliar,Cuajado de fruto,2014-2015,82,II,2,07/11/2014,2.64,0.23,1.27,0.91,0.35,0.3,300,9,35,36,92,0.4,310,666
ARATO,Hass,Zutano,Foliar,Cuajado de fruto,2014-2015,178,III,5,07/11/2014,2.33,0.21,1.24,1.79,0.39,0.36,366,9.6,79,61,115,1.8,256.69,558
ARATO,Hass,Lula,Foliar,Fruto en cosecha (? 21.5% MS),2014-2015,119 A,V,3,06/05/2015,1.4,0.13,0.7,1.93,0.53,0.29,251,6.9,94,97,42,0.5,250,348
ARATO,Hass,Zutano,Foliar,Fruto en cosecha (? 21.5% MS),2014-2015,82,II,2,06/05/2015,1.51,0.14,0.82,1.69,0.48,0.25,300,6,107,58,45,1.2,347.07,376
ARATO,Hass,Zutano,Foliar,Fruto en cosecha (? 21.5% MS),2014-2015,178,III,5,06/05/2015,1.44,0.13,1.11,1.54,0.51,0.32,238,5.5,197,209,78,0.1,250,666
ARATO,Hass,Lula,Pulpa,Fruto en cosecha (? 21.5% MS),2014-2015,119 A,V,3,03/03/2015,1,0.19,1.98,0.05,0.09,0.09,36,6.8,5,37,144,0.1,58.42,300
ARATO,Hass,Zutano,Pulpa,Fruto en cosecha (? 21.5% MS),2014-2015,178,III,5,06/05/2015,0.98,0.17,2.07,0.05,0.08,0.12,30,7.3,5,31,144,0.4,545.87,300
ARATO,Hass,Zutano,Pulpa,Fruto en cosecha (? 21.5% MS),2014-2015,82,II,2,06/05/2015,1.02,0.22,2.1,0.06,0.1,0.12,34,7.5,5.6,30,77,0.1,785.56,300
ARATO,Hass,Lula,Foliar,Fruto en Crec-1,2014-2015,119 A,V,3,30/12/2014,2.81,0.21,1.49,1.57,0.38,0.35,215,8.1,61,53,55,2.3,275.3,2743
ARATO,Hass,Zutano,Foliar,Fruto en Crec-1,2014-2015,82,II,2,30/12/2014,2.77,0.2,1.47,1.54,0.38,0.34,203,7.9,60,52,52,0.3,262.89,2395
ARATO,Hass,Zutano,Foliar,Fruto en Crec-1,2014-2015,178,III,5,30/12/2014,2.66,0.19,1.35,1.43,0.42,0.3,358,7.4,87,78,75,1,278.3,1793
ARATO,Hass,Lula,Pulpa,Fruto en Crec-1,2014-2015,119 A,V,3,30/12/2014,1.39,0.21,1.44,0.14,0.12,0.12,60,9.7,6.1,40,96,0.3,273.6,300
ARATO,Hass,Zutano,Pulpa,Fruto en Crec-1,2014-2015,178,III,5,30/12/2014,1.44,0.21,1.44,0.14,0.12,0.12,57,9.7,6.3,40,97,0.5,277.9,300
ARATO,Hass,Zutano,Pulpa,Fruto en Crec-1,2014-2015,82,II,2,30/12/2014,1.47,0.21,1.43,0.14,0.12,0.12,60,9.7,6.2,38,97,0.8,279.4,300
ARATO,Hass,Lula,Foliar,Fruto en Crec-2,2014-2015,119 A,V,3,21/01/2015,2.5,0.13,0.8,1.88,0.47,0.34,174,5.5,91,125,75,0.4,250,312
ARATO,Hass,Zutano,Foliar,Fruto en Crec-2,2014-2015,82,II,2,22/01/2015,2.6,0.16,0.94,1.89,0.47,0.27,452,7.2,75,78,51,1.3,250,663
ARATO,Hass,Zutano,Foliar,Fruto en Crec-2,2014-2015,178,III,5,21/01/2015,2.39,0.16,1.27,1.41,0.42,0.33,200,6.1,96,136,103,0.5,250,977
ARATO,Hass,Lula,Pulpa,Fruto en Crec-2,2014-2015,119 A,V,3,21/01/2015,1.3,0.19,1.47,0.12,0.1,0.13,43,11,6.6,54,140,0.9,256.67,300
ARATO,Hass,Zutano,Pulpa,Fruto en Crec-2,2014-2015,178,III,5,21/01/2015,1.09,0.16,1.38,0.13,0.11,0.11,39,9.1,8.4,44,130,1.2,250,300
ARATO,Hass,Zutano,Pulpa,Fruto en Crec-2,2014-2015,82,II,2,22/01/2015,1.34,0.19,1.29,0.13,0.11,0.1,27,9.6,7.8,40,84,0.4,586.36,300
ARATO,Hass,Lula,Foliar,Fruto en Crec-3,2014-2015,119 A,V,3,03/03/2015,1.93,0.14,0.74,1.89,0.48,0.39,409,6.2,104,124,82,0.6,270.81,547
ARATO,Hass,Zutano,Foliar,Fruto en Crec-3,2014-2015,82,II,2,03/03/2015,2.61,0.16,1.32,1.48,0.33,0.46,379,25,91,56,112,1.2,1172,2525
ARATO,Hass,Zutano,Foliar,Fruto en Crec-3,2014-2015,178,III,5,03/03/2015,2.6,0.19,1.19,1.8,0.36,0.43,204,19,81,66,119,0.8,250,1278
ARATO,Hass,Lula,Pulpa,Fruto en Crec-3,2014-2015,119 A,V,3,03/03/2015,1.19,0.2,1.81,0.07,0.1,0.11,25,8.3,6.2,35,208,0.1,447.87,300
ARATO,Hass,Zutano,Pulpa,Fruto en Crec-3,2014-2015,178,III,5,03/03/2015,1.15,0.22,1.87,0.08,0.1,0.12,30,9.6,6.8,38,225,1.2,485.38,300
ARATO,Hass,Zutano,Pulpa,Fruto en Crec-3,2014-2015,82,II,2,03/03/2015,1.21,0.21,1.84,0.09,0.1,0.11,27,8.9,7.1,36,207,0.1,461.29,300
ARATO,Hass,Lula,Foliar,Fruto en media cosecha (? 24% MS),2014-2015,119 A,V,3,23/06/2015,1.64,0.12,0.72,2.23,0.49,0.38,370,5.2,125,130,42,0.7,250,580
ARATO,Hass,Zutano,Foliar,Fruto en media cosecha (? 24% MS),2014-2015,178,III,5,23/06/2015,1.71,0.16,0.87,2.27,0.51,0.3,395,6.7,127,73,45,2.1,250,773
ARATO,Hass,Zutano,Foliar,Fruto en media cosecha (? 24% MS),2014-2015,82,II,2,23/06/2015,1.61,0.16,0.85,2.25,0.5,0.3,408,6.3,127,74,40,1.4,250,825
ARATO,Hass,Lula,Pulpa,Fruto en media cosecha (? 24% MS),2014-2015,119 A,V,3,23/06/2015,1.02,0.12,1.69,0.06,0.04,0.05,9.4,2.5,5,17,85,0.3,829.04,300
ARATO,Hass,Zutano,Pulpa,Fruto en media cosecha (? 24% MS),2014-2015,178,III,5,23/06/2015,1,0.09,1.8,0.06,0.05,0.06,17,2.9,5,11,94,0.1,671.01,300
ARATO,Hass,Zutano,Pulpa,Fruto en media cosecha (? 24% MS),2014-2015,82,II,2,23/06/2015,0.97,0.11,2.02,0.06,0.04,0.07,18,3.1,5,13,138,1.2,727.99,300
ARATO,Hass,Lula,Foliar,Fruto tamaño aceituna,2014-2015,119 A,V,3,02/12/2014,2.14,0.33,1.68,2.3,0.75,0.6,460,11,155,200,197,0.4,351.9,625
ARATO,Hass,Zutano,Foliar,Fruto tamaño aceituna,2014-2015,82,II,2,11/12/2014,2.66,0.18,1.15,1.44,0.36,0.27,571,8.5,61,54,74,0.1,483.6,494
ARATO,Hass,Zutano,Foliar,Fruto tamaño aceituna,2014-2015,178,III,5,02/12/2014,1.9,0.17,0.93,1.29,0.39,0.31,245,7.1,79,103,114,1.9,250,482
ARATO,Hass,Lula,Pulpa,Fruto tamaño aceituna,2014-2015,119 A,V,3,02/12/2014,1.97,0.23,1.17,0.12,0.13,0.12,45,12,11,44,82,0.7,250,302
ARATO,Hass,Zutano,Pulpa,Fruto tamaño aceituna,2014-2015,178,III,5,02/12/2014,1.89,0.09,0.5,0.06,0.05,0.05,15,5,5,17,37,0.5,250,341
ARATO,Hass,Zutano,Pulpa,Fruto tamaño aceituna,2014-2015,82,II,2,11/12/2014,2.28,0.31,1.39,0.2,0.18,0.15,75,12,12,56,78,0.1,250,526
ARATO,Hass,Lula,Foliar,Antesis,2015-2016,119 A,V,3,21/10/2015,2.7,0.33,1.56,0.68,0.26,0.27,88,10,29,58,152,0.5,250,439
ARATO,Hass,Lula,Foliar,Antesis,2015-2016,281B,III,8A,21/10/2015,3.12,0.35,1.31,0.82,0.36,0.28,176,12,54,85,206,0.1,366.48,440
ARATO,Hass,Zutano,Foliar,Antesis,2015-2016,178,III,5,21/10/2015,2.48,0.35,1.66,0.7,0.28,0.28,97,10,30,62,159,0.4,254.45,438
ARATO,Hass,Zutano,Foliar,Antesis,2015-2016,82,II,2,21/10/2015,2.87,0.34,1.54,0.74,0.3,0.28,117,11,15,50,134,0.2,252.09,411
ARATO,Hass,Zutano,Foliar,Antesis,2015-2016,255,IV,7,21/10/2015,2.53,0.33,1.58,0.77,0.3,0.34,168,10,13,66,143,0.1,273.94,480
ARATO,Hass,Lula,Foliar,Cuajado de fruto,2015-2016,281B,III,8A,16/11/2015,2.47,0.26,1.23,1.13,0.36,0.31,210.86,9.83,85.02,132.93,137.37,0.24,56.9,434.37
ARATO,Hass,Lula,Foliar,Cuajado de fruto,2015-2016,119 A,V,3,16/11/2015,2.92,0.25,1.35,1.34,0.36,0.43,252.35,8.13,34.57,101.24,107.22,0.57,22.96,751.6
ARATO,Hass,Zutano,Foliar,Cuajado de fruto,2015-2016,178,III,5,16/11/2015,1.93,0.13,1.18,2.25,0.36,0.47,248.44,113.48,124.89,83.24,47.25,0.35,4.11,1597.83
ARATO,Hass,Zutano,Foliar,Cuajado de fruto,2015-2016,82,II,2,16/11/2015,2.63,0.28,1.36,1.15,0.35,0.36,257.12,13.16,29.38,63.85,111.54,0.26,123.37,964.13
ARATO,Hass,Zutano,Foliar,Cuajado de fruto,2015-2016,255,IV,7,16/11/2015,2.89,0.25,1.29,1.29,0.37,0.44,274.26,8.27,36.94,105.81,108.29,0.53,20.75,738.99
ARATO,Hass,Lula,Foliar,Fruto en cosecha (? 21.5% MS),2015-2016,119 A,V,3,24/04/2016,2.12,0.18,1.19,3.1,0.62,0.37,171,102,85,166,102,0.2,250,420
ARATO,Hass,Lula,Foliar,Fruto en cosecha (? 21.5% MS),2015-2016,281B,III,8A,26/04/2016,2.41,0.21,0.95,2.75,0.52,0.36,212,18,226,139,84,0.1,250,823
ARATO,Hass,Zutano,Foliar,Fruto en cosecha (? 21.5% MS),2015-2016,82,II,2,26/04/2016,2.41,0.23,1.42,2.37,0.48,0.4,243,59,194,129,84,0.1,250,1466
ARATO,Hass,Zutano,Foliar,Fruto en cosecha (? 21.5% MS),2015-2016,255,IV,7,26/04/2016,2.07,0.22,1.43,2.29,0.47,0.39,236,57,193,128,83,0.2,250,1501
ARATO,Hass,Zutano,Foliar,Fruto en cosecha (? 21.5% MS),2015-2016,178,III,5,26/04/2016,2.11,0.21,1.47,2.08,0.49,0.39,207,114,126,133,87,0.3,250,1069
ARATO,Hass,Lula,Pulpa,Fruto en cosecha (? 21.5% MS),2015-2016,281B,III,8A,26/04/2016,1.26,0.18,1.86,0.19,0.13,0.1,31,8.6,5.1,37,103,0.1,453.3,157
ARATO,Hass,Lula,Pulpa,Fruto en cosecha (? 21.5% MS),2015-2016,119 A,V,3,26/04/2016,1.18,0.19,2.53,0.04,0.1,0.1,20,7.1,5,27,118,0.1,773.25,138
ARATO,Hass,Zutano,Pulpa,Fruto en cosecha (? 21.5% MS),2015-2016,178,III,5,26/04/2016,0.89,0.15,2.33,0.04,0.07,0.11,10,4.2,5,21,129,0.1,560.96,140
ARATO,Hass,Zutano,Pulpa,Fruto en cosecha (? 21.5% MS),2015-2016,255,IV,7,26/04/2016,1.03,0.16,2.18,0.04,0.08,0.09,7.1,4.4,5,22,101,0.1,437.69,138
ARATO,Hass,Zutano,Pulpa,Fruto en cosecha (? 21.5% MS),2015-2016,82,II,2,26/04/2016,1.07,0.19,2.09,0.03,0.08,0.08,18,8.7,5,29,114,0.1,537.18,98
ARATO,Hass,Lula,Foliar,Fruto en Crec-1,2015-2016,119 A,V,3,19/01/2016,2.73,0.2,0.96,1.88,0.58,0.38,139.6,4.42,95.45,117.09,82.6,0.19,116.79,422.26
ARATO,Hass,Lula,Foliar,Fruto en Crec-1,2015-2016,281B,III,8A,19/01/2016,3.13,0.21,1.01,1.54,0.4,0.3,151.1,7.3,139.71,182.79,81.1,0.01,199.85,522.75
ARATO,Hass,Zutano,Foliar,Fruto en Crec-1,2015-2016,178,III,5,19/01/2016,2.9,0.22,1.4,1.57,0.53,0.49,163.99,5.65,110.86,144.18,93.25,0.05,131.62,858.24
ARATO,Hass,Zutano,Foliar,Fruto en Crec-1,2015-2016,82,II,2,19/01/2016,2.89,0.22,1.21,1.47,0.46,0.34,147.53,5.96,82.3,93.98,83.83,0.29,225.23,773.81
ARATO,Hass,Zutano,Foliar,Fruto en Crec-1,2015-2016,255,IV,7,19/01/2016,3.07,0.19,1.13,1.67,0.49,0.44,173.41,4.44,64.06,121.77,88.36,0.14,123.53,739.84
ARATO,Hass,Lula,Pulpa,Fruto en Crec-1,2015-2016,119 A,V,3,19/01/2016,1.28,0.18,1.27,0.12,0.12,0.12,142,6.7,5,117.09,124,0.2,250,300
ARATO,Hass,Lula,Pulpa,Fruto en Crec-1,2015-2016,281B,III,8A,19/01/2016,1.17,0.17,1.15,0.11,0.1,0.12,38,7.1,5,43,100,0.2,384,300
ARATO,Hass,Zutano,Pulpa,Fruto en Crec-1,2015-2016,82,II,2,19/01/2016,1.18,0.18,1.27,0.12,0.11,0.08,37,5.6,5,29,65,0.4,250,300
ARATO,Hass,Zutano,Pulpa,Fruto en Crec-1,2015-2016,178,III,5,19/01/2016,1.56,0.18,1.38,0.14,0.12,0.13,37,6.2,5,42,153,0.6,250,300
ARATO,Hass,Zutano,Pulpa,Fruto en Crec-1,2015-2016,255,IV,7,19/01/2016,0.68,0.16,1.33,0.06,0.04,0.07,32,1,5,5.2,88.36,0.2,250,300
ARATO,Hass,Lula,Foliar,Fruto en Crec-2,2015-2016,119 A,V,3,16/02/2016,2.15,0.19,0.69,2.1,0.57,0.33,294.7,5.95,168.3,143.18,94.87,0.32,153.66,371.7
ARATO,Hass,Lula,Foliar,Fruto en Crec-2,2015-2016,281B,III,8A,16/02/2016,2.63,0.22,0.85,1.77,0.5,0.4,364.63,6.96,163.78,170.37,97.69,0.12,176.5,743.01
ARATO,Hass,Zutano,Foliar,Fruto en Crec-2,2015-2016,82,II,2,16/02/2016,2.49,0.2,0.72,2.12,0.57,0.32,311.68,5.52,172.68,144.51,99.09,0.26,131.99,382.14
ARATO,Hass,Zutano,Foliar,Fruto en Crec-2,2015-2016,178,III,5,16/02/2016,2.45,0.21,0.93,1.86,0.61,0.42,307.23,5.47,159.31,192.82,96.04,0.11,142.45,848.72
ARATO,Hass,Zutano,Foliar,Fruto en Crec-2,2015-2016,255,IV,7,16/02/2016,2.66,0.18,0.71,2.19,0.51,0.44,291.02,4.21,63.98,123.48,80.22,0.11,116.63,493.48
ARATO,Hass,Lula,Pulpa,Fruto en Crec-2,2015-2016,119 A,V,3,16/02/2016,1.17,0.22,1.66,0.06,0.11,0.1,47.45,11.63,5.34,42.37,121.04,0.2,241.66,235.16
ARATO,Hass,Lula,Pulpa,Fruto en Crec-2,2015-2016,281B,III,8A,16/02/2016,1.27,0.23,1.67,0.06,0.11,0.11,43.21,11.8,5.55,42.93,126.39,0.16,313.22,264.87
ARATO,Hass,Zutano,Pulpa,Fruto en Crec-2,2015-2016,178,III,5,16/02/2016,1.04,0.19,1.62,0.14,0.13,0.11,55.23,11.66,1.89,55.89,111.14,0.17,418.36,332.64
ARATO,Hass,Zutano,Pulpa,Fruto en Crec-2,2015-2016,82,II,2,16/02/2016,1.43,0.25,1.82,0.09,0.13,0.1,48.78,13.33,2.75,44.64,114.77,0.16,335.9,245.48
ARATO,Hass,Zutano,Pulpa,Fruto en Crec-2,2015-2016,255,IV,7,16/02/2016,1.34,0.24,1.77,0.08,0.12,0.1,49.97,10.16,3.83,42.13,109.21,0.04,321.79,265.38
ARATO,Hass,Lula,Foliar,Fruto en Crec-3,2015-2016,119 A,V,3,21/03/2016,2.22,0.19,1.54,2.15,0.41,0.45,439,120,70,107,86,0.1,250,1617
ARATO,Hass,Lula,Foliar,Fruto en Crec-3,2015-2016,281B,III,8A,21/03/2016,2.77,0.18,1.04,1.89,0.51,0.36,210,17,229,129,58,0.1,250,519
ARATO,Hass,Zutano,Foliar,Fruto en Crec-3,2015-2016,178,III,5,21/03/2016,1.9,0.18,1.42,1.97,0.52,0.59,386,145,205,180,112,0.1,270.8,1369
ARATO,Hass,Zutano,Foliar,Fruto en Crec-3,2015-2016,255,IV,7,21/03/2016,2.39,0.2,1.48,2.09,0.41,0.46,435,118,72,107,87,0.1,262.62,1589
ARATO,Hass,Zutano,Foliar,Fruto en Crec-3,2015-2016,82,II,2,21/03/2016,2.3,0.19,1.26,1.77,0.43,0.32,597,9.2,144,82,7,0.1,250,1306
ARATO,Hass,Lula,Pulpa,Fruto en Crec-3,2015-2016,119 A,V,3,21/03/2016,1.48,0.23,2.27,0.08,0.12,0.19,32,10,7.3,41,137,0.1,525.4,86
ARATO,Hass,Lula,Pulpa,Fruto en Crec-3,2015-2016,281B,III,8A,21/03/2016,1.45,0.21,2.09,0.08,0.11,0.17,32,10,7.5,43,137,0.1,383.97,74
ARATO,Hass,Zutano,Pulpa,Fruto en Crec-3,2015-2016,178,III,5,21/03/2016,0.88,0.17,1.55,0.06,0.09,0.08,57,9.5,5.4,31,121,0.1,250,2938
ARATO,Hass,Zutano,Pulpa,Fruto en Crec-3,2015-2016,255,IV,7,21/03/2016,1.19,0.17,1.67,0.06,0.1,0.14,102,8.3,9.1,33,101,0.1,488.09,87
ARATO,Hass,Zutano,Pulpa,Fruto en Crec-3,2015-2016,82,II,2,21/03/2016,0.88,0.2,1.86,0.05,0.1,0.09,28,12,5,38,153,0.1,250,40
ARATO,Hass,Lula,Foliar,Fruto en media cosecha (? 24% MS),2015-2016,281B,III,8A,21/06/2016,2.07,0.2,0.78,2.78,0.54,0.37,305,17,279,189,66,0.1,250,1257
ARATO,Hass,Lula,Foliar,Fruto en media cosecha (? 24% MS),2015-2016,119 A,V,3,21/06/2016,1.77,0.2,1.14,2.91,0.63,,259,40,189,298,127,0.2,250,1610
ARATO,Hass,Zutano,Foliar,Fruto en media cosecha (? 24% MS),2015-2016,255,IV,7,21/06/2016,2.13,0.2,1.36,2.62,0.52,0.46,309,61,162,155,75,0.1,250,2021
ARATO,Hass,Zutano,Foliar,Fruto en media cosecha (? 24% MS),2015-2016,178,III,5,21/06/2016,2.23,0.2,1.28,2.13,0.53,0.68,315,62,222,185,94,0.1,250,2131
ARATO,Hass,Zutano,Foliar,Fruto en media cosecha (? 24% MS),2015-2016,82,II,2,21/06/2016,2.17,0.22,1.27,2.3,0.47,,396,98,193,148,74,0.1,250,1829
ARATO,Hass,Lula,Pulpa,Fruto en media cosecha (? 24% MS),2015-2016,281B,III,8A,21/06/2016,0.93,0.24,1.94,0.04,0.08,0.12,17,10,6.5,36,94,0.1,670.31,250
ARATO,Hass,Lula,Pulpa,Fruto en media cosecha (? 24% MS),2015-2016,119 A,V,3,21/06/2016,1.1,0.17,2.21,0.03,0.05,,13,3.4,5,16,120,0.1,986.77,250
ARATO,Hass,Zutano,Pulpa,Fruto en media cosecha (? 24% MS),2015-2016,255,IV,7,22/06/2016,0.9,0.2,1.82,0.04,0.07,0.08,8.7,1.7,5,22,100,0.1,722.13,250
ARATO,Hass,Zutano,Pulpa,Fruto en media cosecha (? 24% MS),2015-2016,178,III,5,21/06/2016,0.82,0.13,1.85,0.03,0.04,0.08,7,1.3,5,9.2,112,0.1,392.51,250
ARATO,Hass,Zutano,Pulpa,Fruto en media cosecha (? 24% MS),2015-2016,82,II,2,21/06/2016,1.08,0.24,2.33,0.04,0.09,,20,3.7,5.7,34,94,0.2,898.25,250
ARATO,Hass,Lula,Foliar,Fruto tamaño aceituna,2015-2016,281B,III,8A,21/12/2015,2.63,0.19,1.41,1.14,0.3,0.26,157,6.4,67,51,68,0.1,250,300
ARATO,Hass,Lula,Foliar,Fruto tamaño aceituna,2015-2016,119 A,V,3,21/12/2015,2.56,0.22,1.08,1.75,0.46,0.36,267,5.5,56,155,79,0.1,250,300
ARATO,Hass,Zutano,Foliar,Fruto tamaño aceituna,2015-2016,255,IV,7,21/12/2015,2.58,0.22,1.07,1.81,0.47,0.36,250,5.4,56,156,78,0.1,250,300
ARATO,Hass,Zutano,Foliar,Fruto tamaño aceituna,2015-2016,82,II,2,21/12/2015,2.85,0.25,1.49,1.5,0.42,0.33,272,7.9,45,77,80,0.3,250,418
ARATO,Hass,Zutano,Foliar,Fruto tamaño aceituna,2015-2016,178,III,5,21/12/2015,2.75,0.22,1.24,1.36,0.41,0.33,305,7.5,47,116,77,0.1,250,345
ARATO,Hass,Lula,Foliar,Antesis,2016-2017,119 A,V,3,22/09/2016,2.06,0.33,1.77,0.75,0.34,0.31,105,12,60,56,152,0.1,250,376
ARATO,Hass,Lula,Foliar,Antesis,2016-2017,281B,III,8A,22/09/2016,2.25,0.31,1.83,0.82,0.25,0.26,131,13,59,52,91,0.3,250,950
ARATO,Hass,Zutano,Foliar,Antesis,2016-2017,82,II,2,22/09/2016,2.36,0.27,1.79,0.53,0.19,0.22,105,8.3,23,49,90,0.3,250,506
ARATO,Hass,Zutano,Foliar,Antesis,2016-2017,178,III,5,22/09/2016,2.2,0.29,2,0.74,0.27,0.34,194,10,63,64,154,0.4,250,1121
ARATO,Hass,Zutano,Foliar,Antesis,2016-2017,255,IV,7,22/09/2016,2.01,0.27,1.64,0.55,0.23,0.12,134,8.4,24,52,98,0.3,250,498
ARATO,Hass,Lula,Foliar,Cuajado de fruto,2016-2017,119 A,V,3,17/10/2016,2.13,0.24,1.18,1.17,0.39,0.45,98,7.6,63,79,156,0.6,250,712
ARATO,Hass,Lula,Foliar,Cuajado de fruto,2016-2017,281B,III,8A,17/10/2016,2.39,0.26,1.18,1.21,0.39,0.39,89,10,65,79,191,0.5,250,328
ARATO,Hass,Zutano,Foliar,Cuajado de fruto,2016-2017,82,II,2,17/10/2016,2.3,0.22,1.38,1.01,0.33,0.39,105,8.3,98,74,120,0.5,250,1523
ARATO,Hass,Zutano,Foliar,Cuajado de fruto,2016-2017,178,III,5,17/10/2016,2.14,0.22,1.37,0.88,0.36,0.45,115,7.8,86,86,153,0.4,250,983
ARATO,Hass,Zutano,Foliar,Cuajado de fruto,2016-2017,255,IV,7,17/10/2016,2.38,0.21,1.26,0.8,0.29,0.34,105,6.5,27,63,87,0.5,250,635
ARATO,Hass,Lula,Foliar,Fruto tamaño aceituna,2016-2017,119 A,V,3,17/11/2016,2.33,0.26,1.56,1.27,0.49,0.61,99,8.1,34,139,174,0.1,250,385
ARATO,Hass,Lula,Foliar,Fruto tamaño aceituna,2016-2017,281B,III,8A,17/11/2016,2.38,0.25,1.48,1.67,0.58,0.69,157,8.4,122,119,166,0.2,257.45,1008
ARATO,Hass,Zutano,Foliar,Fruto tamaño aceituna,2016-2017,178,III,5,17/11/2016,2.26,0.29,1.93,1.01,0.52,0.6,139,8.4,98,123,170,0.1,331.94,3029
ARATO,Hass,Zutano,Foliar,Fruto tamaño aceituna,2016-2017,255,IV,7,17/11/2016,2.58,0.21,1.37,1.22,0.4,0.34,143,8.5,69,159,116,0.3,250,455
ARATO,Hass,Zutano,Foliar,Fruto tamaño aceituna,2016-2017,82,II,2,17/11/2016,2.08,0.24,1.93,1.19,0.39,0.41,103,7.9,64,97,95,0.3,250,899
ARATO,Hass,Lula,Pulpa,Fruto tamaño aceituna,2016-2017,119 A,V,3,17/11/2016,1.87,0.28,1.36,0.2,0.15,0.14,39,13,14,63,144,0.3,250,250
ARATO,Hass,Lula,Pulpa,Fruto tamaño aceituna,2016-2017,281B,III,8A,17/11/2016,1.9,0.32,1.48,0.25,0.19,0.15,40,17,11,59,142,0.3,250,250
ARATO,Hass,Zutano,Pulpa,Fruto tamaño aceituna,2016-2017,82,II,2,22/11/2016,1.67,0.26,1.38,0.19,0.14,0.15,38,10,11,51,136,0.3,250,250
ARATO,Hass,Zutano,Pulpa,Fruto tamaño aceituna,2016-2017,178,III,5,17/11/2016,1.57,0.26,1.36,0.16,0.14,0.12,30,10,12,53,123,0.2,250,250
ARATO,Hass,Zutano,Pulpa,Fruto tamaño aceituna,2016-2017,255,IV,7,17/11/2016,2.07,0.3,1.52,0.18,0.16,0.11,30,9.5,8.9,51,119,0.3,250,250
BEGGIE,Hass,Lula,Foliar,Antesis,2013-2014,617,X,11,18/10/2013,2.47,0.22,0.46,2.86,0.62,0.24,289,6,272,115,38,0.85,250,300
BEGGIE,Hass,Zutano,Foliar,Antesis,2013-2014,557,VII,10,18/10/2013,2.43,0.17,0.63,2.83,0.44,0.23,256,5,276,62,35,0.31,250,300
BEGGIE,Hass,Antillano,Foliar,Fruto en cosecha (? 21.5% MS),2013-2014,736,II,13,25/04/2014,3.16,0.22,0.78,1.96,0.49,0.25,190,6.66,144,36.1,60,0.1,250,300
BEGGIE,Hass,Antillano,Foliar,Fruto en cosecha (? 21.5% MS),2013-2014,1087,V,24,25/04/2014,2.74,0.22,0.73,1.8,0.45,0.21,206,7.16,258,28.2,46.3,0.1,250,300
BEGGIE,Hass,Lula,Foliar,Fruto en cosecha (? 21.5% MS),2013-2014,649,II,12,25/04/2014,2.9,0.22,0.93,2.43,0.39,0.22,134,6.59,116,33.9,54.9,0.1,250,300
BEGGIE,Hass,Lula,Foliar,Fruto en cosecha (? 21.5% MS),2013-2014,706,I,12,25/04/2014,2.69,0.23,0.71,2.37,0.55,0.22,169,9.36,182,37.1,56.1,0.1,250,300
BEGGIE,Hass,Lula,Foliar,Fruto en cosecha (? 21.5% MS),2013-2014,877,IV,18,25/04/2014,3.13,0.26,0.86,2.29,0.48,0.23,137,7.16,90.4,29.8,66,0.1,250,300
BEGGIE,Hass,Lula,Foliar,Fruto en cosecha (? 21.5% MS),2013-2014,617,X,11,03/04/2014,2.13,0.15,0.91,1.59,0.47,0.37,134,46,149,59,103,0.1,250,608
BEGGIE,Hass,Zutano,Foliar,Fruto en cosecha (? 21.5% MS),2013-2014,767,IV,14,25/04/2014,3.07,0.23,0.92,2.35,0.7,0.25,165,7,243,22,58,0.1,250,300
BEGGIE,Hass,Zutano,Foliar,Fruto en cosecha (? 21.5% MS),2013-2014,557,VII,10,03/04/2014,1.97,0.15,1.01,1.62,0.46,0.35,114,40,138,56,98,0.1,250,1238
BEGGIE,Hass,Zutano,Foliar,Fruto en cosecha (? 21.5% MS),2013-2014,1057,V,23,25/04/2014,3.17,0.22,0.79,1.9,0.56,0.27,206,6.91,225,35.1,49.6,0.1,250,300
BEGGIE,Hass,Lula,Foliar,Fruto en Crec-1,2013-2014,617,X,11,24/01/2014,1.98,0.16,0.84,1.79,0.44,0.29,161,8.6,74,78,61,0.4,250,341
BEGGIE,Hass,Zutano,Foliar,Fruto en Crec-1,2013-2014,557,VII,10,24/01/2014,2.38,0.18,1.21,1.41,0.37,0.23,146,8.3,62,31,53,0.3,250,344
BEGGIE,Hass,Antillano,Foliar,Fruto en Crec-2,2013-2014,736,II,13,24/02/2014,2.38,0.17,0.85,1.73,0.53,0.2,146,6.29,129,15.5,48.6,0.1,250,412
BEGGIE,Hass,Antillano,Foliar,Fruto en Crec-2,2013-2014,1087,V,24,24/02/2014,2.15,0.18,0.64,2.59,0.56,0.2,115,5.93,90.2,23.6,24.7,0.1,250,352
BEGGIE,Hass,Lula,Foliar,Fruto en Crec-2,2013-2014,649,II,12,24/02/2014,1.93,0.18,0.62,2.54,0.54,0.19,107,5.64,87.8,21.9,23.6,0.1,250,373
BEGGIE,Hass,Lula,Foliar,Fruto en Crec-2,2013-2014,706,I,12,24/02/2014,2.18,0.17,0.58,2.51,0.54,0.2,112,6.53,89.2,23.2,31.4,0.21,250,363
BEGGIE,Hass,Lula,Foliar,Fruto en Crec-2,2013-2014,877,IV,18,24/02/2014,2.5,0.17,0.84,1.74,0.53,0.2,140,8.99,127,16.1,44,0.1,250,399
BEGGIE,Hass,Lula,Foliar,Fruto en Crec-2,2013-2014,617,X,11,28/02/2014,2.48,0.19,1.15,1.57,0.44,0.24,191,9.5,81,40,41,0.2,250,666
BEGGIE,Hass,Zutano,Foliar,Fruto en Crec-2,2013-2014,767,IV,14,24/02/2014,2.33,0.17,0.87,1.75,0.52,0.21,155,6.63,128,15.9,45.4,0.1,250,383
BEGGIE,Hass,Zutano,Foliar,Fruto en Crec-2,2013-2014,557,VII,10,28/02/2014,2.52,0.19,1.13,1.53,0.44,0.24,205,8.8,82,41,40,0.4,250,656
BEGGIE,Hass,Zutano,Foliar,Fruto en Crec-2,2013-2014,1057,V,23,24/02/2014,2.42,0.14,0.64,1.92,0.5,0.15,162,6.05,121,18.1,25.4,0.1,250,353
BEGGIE,Hass,Antillano,Foliar,Fruto tamaño aceituna,2013-2014,1087,V,24,23/12/2013,2.83,0.22,1.17,1.65,0.44,0.31,230,8.54,98.6,80.6,81,0.16,250,483
BEGGIE,Hass,Lula,Foliar,Fruto tamaño aceituna,2013-2014,617,X,11,05/12/2013,2.5,0.23,1.08,1.35,0.43,0.29,148,6.9,80,40,43,0.1,250,331
BEGGIE,Hass,Lula,Foliar,Fruto tamaño aceituna,2013-2014,514,IV,9,05/12/2013,2.48,0.21,1.09,1.44,0.42,0.3,183,7.38,88.8,43,68.8,0.1,250,311
BEGGIE,Hass,Zutano,Foliar,Fruto tamaño aceituna,2013-2014,557,VII,10,05/12/2013,3.18,0.2,0.95,1.29,0.33,0.22,170,7.5,49,45,38,0.1,250,462
BEGGIE,Hass,Zutano,Foliar,Fruto tamaño aceituna,2013-2014,1021,III,22,05/12/2013,2.59,0.2,1.1,1.41,0.39,0.27,230,6.92,78.6,41.1,63.3,0.1,250,327
BEGGIE,Hass,Zutano,Foliar,Fruto tamaño aceituna,2013-2014,1057,V,23,23/12/2013,3.16,0.19,0.94,1.23,0.5,0.22,223,8.8,118,26.4,69,0.1,250,414
BEGGIE,Hass,Antillano,Foliar,Antesis,2014-2015,1087,V,24,24/10/2014,2.45,0.16,1.61,1.89,0.34,0.49,296,12,80,97,64,0.2,250,1624
BEGGIE,Hass,Lula,Foliar,Antesis,2014-2015,617,X,11,24/10/2014,2.32,0.15,0.4,2.82,0.54,0.43,297,5.7,137,48,48,0.8,250,300
BEGGIE,Hass,Zutano,Foliar,Antesis,2014-2015,557,VII,10,24/10/2014,2.37,0.13,0.95,3.81,0.38,0.37,627,5.7,425,57,40,1.9,250,515
BEGGIE,Hass,Zutano,Foliar,Antesis,2014-2015,1057,V,23,24/10/2014,2.45,0.18,1.54,1.86,0.35,0.43,330,8.5,39,89,88,0.3,250,1063
BEGGIE,Hass,Antillano,Foliar,Cuajado de fruto,2014-2015,1087,V,24,27/11/2014,2.86,0.25,1.57,1.16,0.34,0.3,304,10,82,48,67,0.1,343.73,2666
BEGGIE,Hass,Lula,Foliar,Cuajado de fruto,2014-2015,706,I,12,05/12/2014,2.33,0.19,1.22,1.45,0.37,0.3,157,7.8,49,70,76,0.1,250,357
BEGGIE,Hass,Lula,Foliar,Cuajado de fruto,2014-2015,877,IV,18,04/12/2014,3.11,0.27,1.34,1.3,0.39,0.33,163,8.2,67,47,96,0.1,250,486
BEGGIE,Hass,Lula,Foliar,Cuajado de fruto,2014-2015,617,X,11,27/11/2014,2.65,0.34,1.63,1.08,0.37,0.44,360,10,89,84,108,2.1,556.69,708
BEGGIE,Hass,Zutano,Foliar,Cuajado de fruto,2014-2015,778,I,15,04/12/2014,3.01,0.27,1.32,1.08,0.39,0.38,178,8.6,66,44,93,0.1,250,526
BEGGIE,Hass,Zutano,Foliar,Cuajado de fruto,2014-2015,557,VII,10,27/11/2014,2.44,0.17,0.59,2.54,0.6,0.27,267,6.6,326,64,39,0.2,250,480
BEGGIE,Hass,Zutano,Foliar,Cuajado de fruto,2014-2015,1057,V,23,27/11/2014,2.52,0.17,0.6,2.52,0.59,0.28,271,6.5,361,67,36,0.1,250,452
BEGGIE,Hass,Antillano,Foliar,Fruto en cosecha (? 21.5% MS),2014-2015,1087,V,24,05/05/2015,2.09,0.17,0.58,2.07,0.5,0.21,186,4.6,247,39,45,0.1,250,311
BEGGIE,Hass,Lula,Foliar,Fruto en cosecha (? 21.5% MS),2014-2015,877,IV,18,05/05/2015,2.09,0.18,0.55,2.71,0.56,0.18,193,4.6,72,28,27,0.1,250,300
BEGGIE,Hass,Lula,Foliar,Fruto en cosecha (? 21.5% MS),2014-2015,1258,III,21,05/05/2015,1.8,0.14,0.58,2.32,0.5,0.15,178,4.5,70,36,36,0.1,250,394
BEGGIE,Hass,Lula,Foliar,Fruto en cosecha (? 21.5% MS),2014-2015,706,I,12,05/05/2015,1.75,0.16,0.9,2.45,0.49,0.29,162,6.5,59,110,71,0.1,250,300
BEGGIE,Hass,Lula,Foliar,Fruto en cosecha (? 21.5% MS),2014-2015,617,X,11,05/05/2015,1.91,0.14,0.48,2.67,0.55,0.24,119,3.9,61,42,27,0.1,250,300
BEGGIE,Hass,Zutano,Foliar,Fruto en cosecha (? 21.5% MS),2014-2015,778,I,15,05/05/2015,2.16,0.14,0.81,1.61,0.39,0.18,173,4.6,103,63,32,0.1,250,533
BEGGIE,Hass,Zutano,Foliar,Fruto en cosecha (? 21.5% MS),2014-2015,557,VII,10,05/05/2015,1.8,0.15,0.89,2.06,0.43,0.23,202,5.9,84,59,43,0.1,250,327
BEGGIE,Hass,Zutano,Foliar,Fruto en cosecha (? 21.5% MS),2014-2015,1057,V,23,05/05/2015,1.88,0.14,0.74,2.18,0.53,0.22,200,4.5,126,155,36,0.1,250,307
BEGGIE,Hass,Antillano,Pulpa,Fruto en cosecha (? 21.5% MS),2014-2015,1087,V,24,05/05/2015,0.75,0.21,1.54,0.05,0.1,0.11,36,15,7.3,41,106,0.1,747.54,300
BEGGIE,Hass,Lula,Pulpa,Fruto en cosecha (? 21.5% MS),2014-2015,877,IV,18,05/05/2015,0.82,0.18,1.38,0.04,0.08,0.07,25,5.1,5,20,68,0.1,405.11,300
BEGGIE,Hass,Lula,Pulpa,Fruto en cosecha (? 21.5% MS),2014-2015,1258,III,21,05/05/2015,0.66,0.14,1.33,0.04,0.07,0.06,15,4.8,5,22,56,0.1,616.8,300
BEGGIE,Hass,Lula,Pulpa,Fruto en cosecha (? 21.5% MS),2014-2015,706,I,12,05/05/2015,0.62,0.16,1.51,0.04,0.08,0.08,25,10,5.1,32,87,0.1,255.28,300
BEGGIE,Hass,Lula,Pulpa,Fruto en cosecha (? 21.5% MS),2014-2015,617,X,11,05/05/2015,0.78,0.19,1.71,0.05,0.09,0.09,26,10,5,29,88,0.1,260.62,300
BEGGIE,Hass,Lula,Pulpa,Fruto en cosecha (? 21.5% MS),2014-2015,514,IV,9,15/05/2015,0.99,0.17,1.27,0.12,0.11,0.11,41.3,10.1,7.7,31.4,79.5,0.1,260,300
BEGGIE,Hass,Zutano,Pulpa,Fruto en cosecha (? 21.5% MS),2014-2015,778,I,15,05/05/2015,0.9,0.19,1.78,0.04,0.1,0.09,22,5.1,5.1,38,93,0.1,390.17,300
BEGGIE,Hass,Zutano,Pulpa,Fruto en cosecha (? 21.5% MS),2014-2015,557,VII,10,05/05/2015,0.96,0.19,1.59,0.04,0.07,0.08,18,4,5,18,58,0.1,312.82,300
BEGGIE,Hass,Zutano,Pulpa,Fruto en cosecha (? 21.5% MS),2014-2015,1057,V,23,05/05/2015,0.77,0.22,1.81,0.03,0.1,0.12,24,8.7,6.6,43,116,0.1,446.13,300
BEGGIE,Hass,Antillano,Foliar,Fruto en Crec-1,2014-2015,1087,V,24,08/01/2015,2.02,0.17,0.72,2.23,0.63,0.46,186,5.3,111,33,67,0.1,250,419
BEGGIE,Hass,Lula,Foliar,Fruto en Crec-1,2014-2015,706,I,12,16/01/2015,2.41,0.15,0.73,2.18,0.45,0.2,125,6.5,41,94,55,1.2,250,300
BEGGIE,Hass,Lula,Foliar,Fruto en Crec-1,2014-2015,1258,III,21,16/01/2015,2.58,0.19,0.93,2.02,0.46,0.18,201,6.4,41,40,50,0.2,250,562
BEGGIE,Hass,Lula,Foliar,Fruto en Crec-1,2014-2015,877,IV,18,16/01/2015,2.77,0.19,1.03,2.13,0.47,0.21,189,6.9,49,37,62,0.5,250,342
BEGGIE,Hass,Lula,Foliar,Fruto en Crec-1,2014-2015,617,X,11,08/01/2015,2.12,0.15,0.98,2.39,0.53,0.48,193,6.3,106,41,58,1.3,250,475
BEGGIE,Hass,Zutano,Foliar,Fruto en Crec-1,2014-2015,778,I,15,16/01/2015,2.76,0.2,1.35,1.5,0.38,0.25,185,7.6,90,80,73,0.6,250,549
BEGGIE,Hass,Zutano,Foliar,Fruto en Crec-1,2014-2015,557,VII,10,08/01/2015,2.06,0.18,0.77,2.23,0.66,0.45,196,5.4,115,36,71,0.1,250,426
BEGGIE,Hass,Zutano,Foliar,Fruto en Crec-1,2014-2015,1057,V,23,08/01/2015,2.21,0.14,0.78,1.93,0.49,0.2,192,4.9,245,85,55,0.2,250,419
BEGGIE,Hass,Antillano,Pulpa,Fruto en Crec-1,2014-2015,1087,V,24,08/01/2015,1.16,0.16,1.11,0.13,0.1,0.07,39,7.6,9.8,37,71,0.3,250,300
BEGGIE,Hass,Lula,Pulpa,Fruto en Crec-1,2014-2015,706,I,12,16/01/2015,1.18,0.17,1.15,0.17,0.1,0.1,43,10,5.4,45,79,0.6,250,300
BEGGIE,Hass,Lula,Pulpa,Fruto en Crec-1,2014-2015,1258,III,21,16/01/2015,1.33,0.2,1.1,0.17,0.11,0.09,50,9.1,7.5,46,70,0.1,273.57,300
BEGGIE,Hass,Lula,Pulpa,Fruto en Crec-1,2014-2015,877,IV,18,16/01/2015,1.31,0.17,1.04,0.19,0.11,0.08,47,6.7,6.9,34,68,1,250,300
BEGGIE,Hass,Lula,Pulpa,Fruto en Crec-1,2014-2015,617,X,11,08/01/2015,1.18,0.16,1.11,0.13,0.1,0.07,37,7.5,9.8,36,72,0.8,250,300
BEGGIE,Hass,Zutano,Pulpa,Fruto en Crec-1,2014-2015,778,I,15,16/01/2015,1.45,0.2,1.25,0.12,0.12,0.09,35,7,7.1,44,60,0.4,250,300
BEGGIE,Hass,Zutano,Pulpa,Fruto en Crec-1,2014-2015,557,VII,10,08/01/2015,1.12,0.16,1.11,0.14,0.1,0.07,38,8.5,10,36,74,2.1,250,300
BEGGIE,Hass,Zutano,Pulpa,Fruto en Crec-1,2014-2015,1057,V,23,08/01/2015,1.15,0.14,1.12,0.13,0.1,0.07,37,7.9,9.8,37,73,0.2,250,300
BEGGIE,Hass,Antillano,Foliar,Fruto en Crec-2,2014-2015,1087,V,24,11/02/2015,2.09,0.14,0.7,1.95,0.47,0.21,181,6.1,144,79,71,1.1,250,300
BEGGIE,Hass,Lula,Foliar,Fruto en Crec-2,2014-2015,706,I,12,11/02/2015,2.07,0.14,0.74,2,0.5,0.22,195,6.1,149,83,74,0.4,250,300
BEGGIE,Hass,Lula,Foliar,Fruto en Crec-2,2014-2015,1258,III,21,11/02/2015,2.65,0.19,0.85,1.87,0.56,0.21,308,6.7,64,40,64,0.6,250,563
BEGGIE,Hass,Lula,Foliar,Fruto en Crec-2,2014-2015,877,IV,18,11/02/2015,2.06,0.14,0.68,1.94,0.46,0.22,168,6.3,138,78,71,0.5,250,300
BEGGIE,Hass,Lula,Foliar,Fruto en Crec-2,2014-2015,617,X,11,11/02/2015,2.94,0.18,1.12,1.48,0.41,0.26,136,7.1,88,60,60,0.3,250,439
BEGGIE,Hass,Zutano,Foliar,Fruto en Crec-2,2014-2015,778,I,15,11/02/2015,2.47,0.19,1.13,2.27,0.36,0.32,138,10,59,38,57,1,250,300
BEGGIE,Hass,Zutano,Foliar,Fruto en Crec-2,2014-2015,557,VII,10,11/02/2015,3.06,0.18,1.1,1.47,0.42,0.27,147,7.3,90,60,60,0.3,250,441
BEGGIE,Hass,Zutano,Foliar,Fruto en Crec-2,2014-2015,1057,V,23,11/02/2015,2.55,0.18,0.84,1.94,0.52,0.21,261,7.1,62,39,68,2.2,250,522
BEGGIE,Hass,Antillano,Pulpa,Fruto en Crec-2,2014-2015,1087,V,24,11/02/2015,1.32,0.2,1.56,0.06,0.12,0.11,35,9.5,6.1,40,84,0.1,250,300
BEGGIE,Hass,Lula,Pulpa,Fruto en Crec-2,2014-2015,706,I,12,11/02/2015,1.2,0.21,1.43,0.05,0.12,0.1,40,11,5,40,87,0.5,250,300
BEGGIE,Hass,Lula,Pulpa,Fruto en Crec-2,2014-2015,1258,III,21,11/02/2015,1.13,0.2,1.44,0.05,0.13,0.09,30,6.1,5.9,36,67,0.1,395.4,300
BEGGIE,Hass,Lula,Pulpa,Fruto en Crec-2,2014-2015,877,IV,18,11/02/2015,1.12,0.2,1.42,0.05,0.13,0.09,29,5.7,5.9,35,67,0.3,401.07,300
BEGGIE,Hass,Lula,Pulpa,Fruto en Crec-2,2014-2015,706,I,12,15/05/2015,0.93,0.19,1.37,0.1,0.1,0.1,36.7,12.8,6.56,40.2,78.9,0.1,250,300
BEGGIE,Hass,Lula,Pulpa,Fruto en Crec-2,2014-2015,617,X,11,11/02/2015,1.31,0.2,1.57,0.06,0.12,0.11,30,9.9,6.1,40,86,0.1,250,300
BEGGIE,Hass,Zutano,Pulpa,Fruto en Crec-2,2014-2015,778,I,15,25/02/2015,1.27,0.19,1.28,0.08,0.12,0.1,64,5.2,6.9,38,111,0.1,250,300
BEGGIE,Hass,Zutano,Pulpa,Fruto en Crec-2,2014-2015,778,I,15,15/05/2015,0.99,0.17,1.24,0.12,0.11,0.1,37.8,10.2,7.82,32.2,77.1,0.1,250,300
BEGGIE,Hass,Zutano,Pulpa,Fruto en Crec-2,2014-2015,557,VII,10,11/02/2015,1.32,0.2,1.5,0.07,0.12,0.11,33,9.6,6.5,39,90,1.6,250,300
BEGGIE,Hass,Zutano,Pulpa,Fruto en Crec-2,2014-2015,1057,V,23,11/02/2015,1.07,0.16,1.42,0.06,0.13,0.09,31,6,6.3,35,65,0.1,387.5,300
BEGGIE,Hass,Zutano,Pulpa,Fruto en Crec-2,2014-2015,557,VII,10,15/05/2015,0.95,0.19,1.35,0.1,0.1,0.1,38.6,12.6,6.65,42,78,0.1,250,300
BEGGIE,Hass,Antillano,Foliar,Fruto en Crec-3,2014-2015,1087,V,24,16/03/2015,2.19,0.17,0.78,2.38,0.51,0.3,341,5.8,45,44,46,0.9,250,538
BEGGIE,Hass,Lula,Foliar,Fruto en Crec-3,2014-2015,706,I,12,16/03/2015,2.14,0.16,0.82,2.51,0.49,0.22,504,5.2,62,33,43,0.6,250,494
BEGGIE,Hass,Lula,Foliar,Fruto en Crec-3,2014-2015,1258,III,21,16/03/2015,2.1,0.17,0.73,2.36,0.54,0.32,422,6.7,50,32,48,0.6,250,635
BEGGIE,Hass,Lula,Foliar,Fruto en Crec-3,2014-2015,877,IV,18,16/03/2015,2.03,0.16,0.86,2.46,0.48,0.23,497,5.3,61,44,48,2.1,250,512
BEGGIE,Hass,Lula,Foliar,Fruto en Crec-3,2014-2015,617,X,11,16/03/2015,2.09,0.17,0.72,2.34,0.52,0.31,378,6.2,47,44,43,0.3,250,662
BEGGIE,Hass,Zutano,Foliar,Fruto en Crec-3,2014-2015,778,I,15,16/03/2015,2.16,0.17,0.74,2.33,0.52,0.31,356,6,47,45,44,0.4,270.26,709
BEGGIE,Hass,Zutano,Foliar,Fruto en Crec-3,2014-2015,557,VII,10,16/03/2015,2.52,0.16,1.15,1.77,0.41,0.32,326,6.9,78,51,57,0.5,250,792
BEGGIE,Hass,Zutano,Foliar,Fruto en Crec-3,2014-2015,1057,V,23,16/03/2015,2.35,0.15,1.22,1.86,0.44,0.33,331,6.6,78,51,56,0.8,250,872
BEGGIE,Hass,Antillano,Pulpa,Fruto en Crec-3,2014-2015,1087,V,24,16/03/2015,1.14,0.18,1.4,0.12,0.1,0.09,21,10,7.5,37,98,1.5,308.24,300
BEGGIE,Hass,Lula,Pulpa,Fruto en Crec-3,2014-2015,877,IV,18,16/03/2015,1.05,0.19,1.69,0.16,0.11,0.1,26,12,6.8,48,97,1.4,255.13,300
BEGGIE,Hass,Lula,Pulpa,Fruto en Crec-3,2014-2015,1258,III,21,16/03/2015,1.07,0.17,1.57,0.11,0.1,0.09,16,10,5.6,39,83,0.3,250,300
BEGGIE,Hass,Lula,Pulpa,Fruto en Crec-3,2014-2015,706,I,12,16/03/2015,1.09,0.19,1.68,0.11,0.1,0.1,17,11,6,40,92,0.1,250,300
BEGGIE,Hass,Lula,Pulpa,Fruto en Crec-3,2014-2015,706,I,12,21/07/2015,0.98,0.15,1.51,0.04,0.07,0.08,13.1,6.46,5,23.7,57.4,0.5,635,300
BEGGIE,Hass,Lula,Pulpa,Fruto en Crec-3,2014-2015,617,X,11,16/03/2015,1.28,0.19,1.76,0.11,0.12,0.12,18,8.3,7.2,36,81,0.2,273.03,300
BEGGIE,Hass,Zutano,Pulpa,Fruto en Crec-3,2014-2015,778,I,15,16/03/2015,1.19,0.19,1.66,0.12,0.12,0.12,12,5.3,7.8,28,67,0.1,262.77,300
BEGGIE,Hass,Zutano,Pulpa,Fruto en Crec-3,2014-2015,778,I,15,21/07/2015,0.98,0.15,1.51,0.03,0.07,0.08,10.4,5.7,5,23.9,52.3,0.1,659,300
BEGGIE,Hass,Zutano,Pulpa,Fruto en Crec-3,2014-2015,557,VII,10,16/03/2015,1.35,0.19,1.8,0.11,0.12,0.12,19,8,7.3,36,87,0.1,259.12,300
BEGGIE,Hass,Zutano,Pulpa,Fruto en Crec-3,2014-2015,1057,V,23,16/03/2015,1.22,0.2,1.7,0.11,0.11,0.11,18,12,6,40,95,0.6,250,300
BEGGIE,Hass,Zutano,Pulpa,Fruto en Crec-3,2014-2015,557,VII,10,21/07/2015,0.98,0.15,1.46,0.03,0.07,0.08,10.7,5.91,5,23.9,52.3,0.1,613,300
BEGGIE,Hass,Antillano,Foliar,Fruto en media cosecha (? 24% MS),2014-2015,1087,V,24,07/07/2015,1.45,0.18,0.74,2.33,0.49,0.9,347,4.8,252,51,35,0.1,250,300
BEGGIE,Hass,Lula,Foliar,Fruto en media cosecha (? 24% MS),2014-2015,877,IV,18,25/05/2015,1.66,0.17,0.6,2.51,0.59,0.19,310,5.9,84,35,47,0.3,250,747
BEGGIE,Hass,Lula,Foliar,Fruto en media cosecha (? 24% MS),2014-2015,1258,III,21,25/05/2015,2.1,0.17,0.57,2.5,0.56,0.19,342,6.8,85,34,49,0.4,250,556
BEGGIE,Hass,Lula,Foliar,Fruto en media cosecha (? 24% MS),2014-2015,706,I,12,22/06/2015,1.81,0.17,0.8,2.61,0.5,0.23,204,5.8,49,91,46,0.1,250,367
BEGGIE,Hass,Lula,Foliar,Fruto en media cosecha (? 24% MS),2014-2015,877,IV,18,01/07/2015,2.16,0.15,0.91,2.45,0.49,0.24,287,21,154,33,43,1,250,300
BEGGIE,Hass,Lula,Foliar,Fruto en media cosecha (? 24% MS),2014-2015,1258,III,21,01/07/2015,1.75,0.14,0.63,2.91,0.55,0.18,252,4,52,34,26,0.6,250,495
BEGGIE,Hass,Lula,Foliar,Fruto en media cosecha (? 24% MS),2014-2015,617,X,11,07/07/2015,1.34,0.18,0.71,2.6,0.67,0.32,301,4.9,61,101,19,0.2,250,300
BEGGIE,Hass,Zutano,Foliar,Fruto en media cosecha (? 24% MS),2014-2015,778,I,15,07/07/2015,1.6,0.19,0.77,2.42,0.52,0.29,331,4.9,252,52,37,0.2,250,332
BEGGIE,Hass,Zutano,Foliar,Fruto en media cosecha (? 24% MS),2014-2015,557,VII,10,07/07/2015,1.85,0.22,1.21,1.87,0.46,0.31,251,7.4,118,45,73,0.1,250,424
BEGGIE,Hass,Zutano,Foliar,Fruto en media cosecha (? 24% MS),2014-2015,1057,V,23,07/07/2015,1.2,0.15,0.92,2.44,0.6,0.26,284,3.8,125,152,33,0.1,250,368
BEGGIE,Hass,Antillano,Pulpa,Fruto en media cosecha (? 24% MS),2014-2015,1087,V,24,07/07/2015,1.01,0.17,1.55,0.03,0.05,0.07,5,1.3,5,21,94,0.1,840.98,300
BEGGIE,Hass,Lula,Pulpa,Fruto en media cosecha (? 24% MS),2014-2015,877,IV,18,25/05/2015,1.12,0.15,1.59,0.03,0.07,0.09,30,7.9,5,19,54,0.2,510.54,300
BEGGIE,Hass,Lula,Pulpa,Fruto en media cosecha (? 24% MS),2014-2015,1258,III,21,25/05/2015,0.97,0.16,1.4,0.06,0.09,0.09,61,7.8,6.3,27,63,0.9,942.69,300
BEGGIE,Hass,Lula,Pulpa,Fruto en media cosecha (? 24% MS),2014-2015,706,I,12,22/06/2015,1.22,0.2,1.79,0.05,0.06,0.08,16,2.8,5,23,59,0.4,395.26,300
BEGGIE,Hass,Lula,Pulpa,Fruto en media cosecha (? 24% MS),2014-2015,877,IV,18,01/07/2015,1.11,0.12,1.55,0.03,0.04,0.06,10,2.7,5,17,51,1.2,769.9,300
BEGGIE,Hass,Lula,Pulpa,Fruto en media cosecha (? 24% MS),2014-2015,1258,III,21,01/07/2015,1.07,0.14,1.58,0.03,0.05,0.06,9.1,2.6,5,18,52,0.1,821.38,300
BEGGIE,Hass,Lula,Pulpa,Fruto en media cosecha (? 24% MS),2014-2015,617,X,11,07/07/2015,0.9,0.09,1.45,0.03,0.05,0.05,6.4,3.6,5,16,36,0.1,509.73,300
BEGGIE,Hass,Lula,Pulpa,Fruto en media cosecha (? 24% MS),2014-2015,514,IV,9,21/07/2015,0.93,0.15,1.53,0.04,0.08,0.08,14.7,5.82,5,24.8,52.9,0.1,625,300
BEGGIE,Hass,Zutano,Pulpa,Fruto en media cosecha (? 24% MS),2014-2015,778,I,15,07/07/2015,0.99,0.12,1.87,0.03,0.04,0.05,5,1,5,15,59,1.3,519.57,300
BEGGIE,Hass,Zutano,Pulpa,Fruto en media cosecha (? 24% MS),2014-2015,557,VII,10,07/07/2015,0.96,0.11,2.22,0.03,0.04,0.06,5,1,5,7.2,84,0.1,608.18,300
BEGGIE,Hass,Zutano,Pulpa,Fruto en media cosecha (? 24% MS),2014-2015,1057,V,23,07/07/2015,0.98,0.15,1.72,0.03,0.05,0.07,5.8,1.2,5,15,84,0.1,447.77,300
BEGGIE,Hass,Antillano,Foliar,Fruto tamaño aceituna,2014-2015,1087,V,24,22/12/2014,2.94,0.16,0.93,1.13,0.33,0.22,199,6.6,88,65,73,0.1,250,300
BEGGIE,Hass,Lula,Foliar,Fruto tamaño aceituna,2014-2015,706,I,12,22/12/2014,2.7,0.22,1.46,1.56,0.3,0.43,183,12,138,67,99,1.2,250,431
BEGGIE,Hass,Lula,Foliar,Fruto tamaño aceituna,2014-2015,1258,III,21,22/12/2014,2.3,0.16,1.6,1.48,0.38,0.39,314,8.1,70,80,28,0.1,250,1418
BEGGIE,Hass,Lula,Foliar,Fruto tamaño aceituna,2014-2015,877,IV,18,22/12/2014,2.82,0.2,1.34,1.46,0.37,0.46,153,8.3,59,30,104,1.1,250,1410
BEGGIE,Hass,Lula,Foliar,Fruto tamaño aceituna,2014-2015,617,X,11,22/12/2014,2.44,0.16,1.53,1.46,0.38,0.4,379,8.8,74,86,37,0.5,250,1368
BEGGIE,Hass,Zutano,Foliar,Fruto tamaño aceituna,2014-2015,778,I,15,31/12/2014,3.13,0.22,1.35,1.35,0.42,0.32,286,11,107,57,42,3.2,250,300
BEGGIE,Hass,Zutano,Foliar,Fruto tamaño aceituna,2014-2015,557,VII,10,22/12/2014,2.37,0.17,1.64,1.49,0.39,0.4,347,8.6,72,81,30,1.9,250,1354
BEGGIE,Hass,Zutano,Foliar,Fruto tamaño aceituna,2014-2015,1057,V,23,22/12/2014,2.75,0.16,0.88,1.1,0.33,0.22,193,6.3,86,65,72,0.1,250,375
BEGGIE,Hass,Lula,Pulpa,Fruto tamaño aceituna,2014-2015,706,I,12,05/12/2014,1.78,0.25,1.44,0.22,0.15,0.13,54,12,9.2,42,74,0.4,250,357
BEGGIE,Hass,Lula,Pulpa,Fruto tamaño aceituna,2014-2015,1258,III,21,22/12/2014,1.76,0.24,1.36,0.19,0.14,0.11,65,10,9.4,43,102,0.7,250,300
BEGGIE,Hass,Lula,Pulpa,Fruto tamaño aceituna,2014-2015,877,IV,18,22/12/2014,1.72,0.24,1.2,0.17,0.14,0.12,56,10,8.6,38,58,0.4,250,300
BEGGIE,Hass,Zutano,Pulpa,Fruto tamaño aceituna,2014-2015,778,I,15,22/12/2014,1.69,0.25,1.2,0.17,0.15,0.12,57,10,8.6,39,57,0.6,250,300
BEGGIE,Hass,Antillano,Foliar,Antesis,2015-2016,736,II,13,22/10/2015,3.22,0.4,1.47,0.66,0.34,0.28,131,12,18,60,214,0.8,250,344
BEGGIE,Hass,Antillano,Foliar,Antesis,2015-2016,1087,V,24,21/10/2015,2.82,0.42,1.4,0.59,0.31,0.23,104,12,19,63,232,0.5,259.33,352
BEGGIE,Hass,Antillano,Foliar,Antesis,2015-2016,1106,III,25,21/10/2015,3.09,0.35,1.28,0.94,0.37,0.3,157,11,12,71,287,0.1,280.11,379
BEGGIE,Hass,Lula,Foliar,Antesis,2015-2016,706,I,12,22/10/2015,3.25,0.41,1.53,0.66,0.35,0.28,127,12,18,59,214,0.5,250,358
BEGGIE,Hass,Lula,Foliar,Antesis,2015-2016,649,II,12,22/10/2015,3.09,0.36,1.29,0.91,0.37,0.3,154,11,12,71,282,0.2,276.56,363
BEGGIE,Hass,Lula,Foliar,Antesis,2015-2016,853,IV,17,22/10/2015,3,0.44,1.68,0.97,0.4,0.34,158,12,19,57,257,0.1,314.41,410
BEGGIE,Hass,Lula,Foliar,Antesis,2015-2016,877,IV,18,22/10/2015,2.76,0.16,1.53,2.2,0.47,0.58,180,26,200,209,81,0.1,250,1364
BEGGIE,Hass,Lula,Foliar,Antesis,2015-2016,920,IV,19,22/10/2015,3.37,0.44,1.48,0.74,0.4,0.3,170,15,16,70,264,0.1,368.93,577
BEGGIE,Hass,Lula,Foliar,Antesis,2015-2016,1198,I,20,22/10/2015,2.9,0.43,1.34,0.69,0.34,0.23,142,11,21,37,257,0.1,250,317
BEGGIE,Hass,Lula,Foliar,Antesis,2015-2016,1258,III,21,22/10/2015,3.05,0.44,1.37,0.7,0.34,0.24,144,11,22,38,255,0.1,250,305
BEGGIE,Hass,Lula,Foliar,Antesis,2015-2016,514,IV,9,21/10/2015,3.03,0.45,1.37,0.69,0.33,0.24,143,11,21,38,257,0.1,250,300
BEGGIE,Hass,Lula,Foliar,Antesis,2015-2016,617,X,11,21/10/2015,2.85,0.35,1.55,0.72,0.3,0.29,121,11,17,52,141,0.1,252.04,415
BEGGIE,Hass,Zutano,Foliar,Antesis,2015-2016,676,II,12,22/10/2015,3.07,0.35,1.26,0.91,0.36,0.29,149,11,11,68,273,0.1,266.02,353
BEGGIE,Hass,Zutano,Foliar,Antesis,2015-2016,767,IV,14,22/10/2015,2.98,0.44,1.7,0.94,0.4,0.35,161,12,20,59,260,0.1,291.38,429
BEGGIE,Hass,Zutano,Foliar,Antesis,2015-2016,778,I,15,22/10/2015,3.14,0.35,1.38,0.86,0.37,0.27,172,12,54,85,201,0.1,383.15,473
BEGGIE,Hass,Zutano,Foliar,Antesis,2015-2016,1179,V,27,22/10/2015,2.58,0.33,1.62,0.82,0.3,0.33,158,10,13,64,135,0.1,271.57,501
BEGGIE,Hass,Zutano,Foliar,Antesis,2015-2016,557,VII,10,21/10/2015,2.64,0.34,1.53,0.72,0.3,0.29,121,11,16,51,137,0.1,250,388
BEGGIE,Maluma Hass,Zutano,Foliar,Antesis,2015-2016,1191,I,11,21/10/2015,3.01,0.35,1.28,0.85,0.36,0.27,172,12,54,85,197,0.1,359.01,479
BEGGIE,Hass,Zutano,Foliar,Antesis,2015-2016,825,II,16,21/10/2015,3.34,0.45,1.52,0.71,0.42,0.31,176,14,16,72,274,0.1,385.27,496
BEGGIE,Hass,Zutano,Foliar,Antesis,2015-2016,1021,III,22,21/10/2015,3.07,0.35,1.28,0.93,0.36,0.3,149,11,12,70,277,0.1,273.14,363
BEGGIE,Hass,Zutano,Foliar,Antesis,2015-2016,1057,V,23,21/10/2015,2.86,0.42,1.43,0.64,0.32,0.23,105,13,21,63,236,0.5,263.46,382
BEGGIE,Hass,Zutano,Foliar,Antesis,2015-2016,1141,III,26,21/10/2015,3.19,0.45,1.5,0.71,0.41,0.31,176,14,17,71,276,0.1,377.46,533
BEGGIE,Hass,Antillano,Foliar,Cuajado de fruto,2015-2016,736,II,13,23/11/2015,2.77,0.22,1.12,0.86,0.35,0.28,144.51,8.41,28.22,63.53,107.63,0.35,57.74,430.46
BEGGIE,Hass,Antillano,Foliar,Cuajado de fruto,2015-2016,1106,III,25,23/11/2015,2.91,0.25,1.08,1.1,0.35,0.28,152.31,12.98,17.46,119.89,139.93,0.21,74.86,392.19
BEGGIE,Hass,Antillano,Foliar,Cuajado de fruto,2015-2016,1087,V,24,23/11/2015,2.86,0.26,1.12,1.02,0.37,0.25,133.02,9.18,30.7,61.23,147.21,0.21,73.55,453.78
BEGGIE,Hass,Lula,Foliar,Cuajado de fruto,2015-2016,920,IV,19,23/11/2015,2.82,0.25,1.07,1,0.37,0.25,129.69,8.98,31.74,62.07,143.66,0.53,76.97,469.87
BEGGIE,Hass,Lula,Foliar,Cuajado de fruto,2015-2016,877,IV,18,23/11/2015,3.04,0.22,1.3,0.83,0.34,0.29,153.61,8.94,31.85,100.86,133.64,1.23,48.81,513.51
BEGGIE,Hass,Lula,Foliar,Cuajado de fruto,2015-2016,1258,III,21,23/11/2015,2.82,0.22,1.14,0.87,0.34,0.28,136.75,8.43,27.38,62.02,106.57,0.51,65.69,510.62
BEGGIE,Hass,Lula,Foliar,Cuajado de fruto,2015-2016,1198,I,20,23/11/2015,2.89,0.24,1.21,0.86,0.31,0.31,131.75,10.18,24,78.92,104.71,0.25,59,505.04
BEGGIE,Hass,Lula,Foliar,Cuajado de fruto,2015-2016,853,IV,17,23/11/2015,3,0.24,1.11,1.12,0.35,0.28,148.61,12.78,17.53,119.38,138.52,0.31,74.04,404.21
BEGGIE,Hass,Lula,Foliar,Cuajado de fruto,2015-2016,649,II,12,23/11/2015,2.94,0.25,1.09,1.08,0.36,0.29,164.46,13.14,18.46,122.17,145.63,0.54,77.36,331.64
BEGGIE,Hass,Lula,Foliar,Cuajado de fruto,2015-2016,706,I,12,23/11/2015,2.79,0.24,1.09,1.08,0.36,0.29,169.38,13.07,18.55,124.39,146.89,0.11,73.65,394.24
BEGGIE,Hass,Lula,Foliar,Cuajado de fruto,2015-2016,514,IV,9,23/11/2015,2.68,0.25,1.08,0.99,0.38,0.26,132.71,6.97,67.84,57.14,142.16,0.32,48.1,324.16
BEGGIE,Hass,Lula,Foliar,Cuajado de fruto,2015-2016,617,X,11,23/11/2015,2.92,0.23,1.18,0.95,0.34,0.28,123.62,8.51,31.56,63.52,95.25,0.16,47.14,365.62
BEGGIE,Hass,Zutano,Foliar,Cuajado de fruto,2015-2016,778,I,15,23/11/2015,2.86,0.23,1.08,0.84,0.35,0.29,149.91,8.83,30.13,67.24,111.65,0.19,65.71,537.43
BEGGIE,Hass,Zutano,Foliar,Cuajado de fruto,2015-2016,1179,V,27,23/11/2015,2.9,0.23,1.15,0.86,0.35,0.29,146.51,8.83,29.51,64.87,111.24,0.49,62.91,448.44
BEGGIE,Hass,Zutano,Foliar,Cuajado de fruto,2015-2016,676,II,12,23/11/2015,3.02,0.24,1.33,0.82,0.33,0.29,150.84,8.52,30.15,99.74,130.39,0.37,53.19,489.97
BEGGIE,Hass,Zutano,Foliar,Cuajado de fruto,2015-2016,767,IV,14,23/11/2015,2.99,0.23,1.27,0.8,0.32,0.29,145.73,8.36,30.2,106.67,126.74,0.25,39.9,420.7
BEGGIE,Hass,Zutano,Foliar,Cuajado de fruto,2015-2016,1141,III,26,23/11/2015,2.71,0.24,1.26,0.85,0.37,0.34,114.01,9.95,29.86,85.63,120.56,0.46,153.84,664.44
BEGGIE,Hass,Zutano,Foliar,Cuajado de fruto,2015-2016,1021,III,22,23/11/2015,2.69,0.23,1.16,0.85,0.31,0.3,129.06,8.45,24.25,78.47,105.21,0.01,62.11,441.3
BEGGIE,Hass,Zutano,Foliar,Cuajado de fruto,2015-2016,1057,V,23,23/11/2015,3.03,0.22,1.25,0.82,0.33,0.29,151.42,8.78,31.12,98.16,131.07,0.97,45.09,466.14
BEGGIE,Maluma Hass,Zutano,Foliar,Cuajado de fruto,2015-2016,1191,I,11,23/11/2015,3.14,0.23,1.26,0.99,0.34,0.28,116.88,8.22,29.1,61.59,94.9,0.62,44.71,380.12
BEGGIE,Hass,Zutano,Foliar,Cuajado de fruto,2015-2016,557,VII,10,23/11/2015,2.96,0.23,1.2,0.95,0.33,0.28,125.04,9.02,30.57,63.54,95.51,0.12,40.98,357.57
BEGGIE,Hass,Zutano,Foliar,Cuajado de fruto,2015-2016,825,II,16,23/11/2015,2.92,0.24,1.09,1,0.38,0.25,134.23,8.8,31.28,61.97,145.9,0.52,66.63,441.95
BEGGIE,Hass,Antillano,Foliar,Fruto en cosecha (? 21.5% MS),2015-2016,1087,V,24,26/04/2016,2.22,0.19,1.21,2.62,0.64,0.33,154,93,166,204,103,0.2,250,620
BEGGIE,Hass,Antillano,Foliar,Fruto en cosecha (? 21.5% MS),2015-2016,736,II,13,26/04/2016,2.05,0.2,1.16,3.47,0.68,0.35,166,97,197,197,96,0.1,250,367
BEGGIE,Hass,Lula,Foliar,Fruto en cosecha (? 21.5% MS),2015-2016,617,X,11,26/04/2016,2.13,0.2,1.16,2.67,0.65,0.38,197,124,77,116,108,0.3,250,767
BEGGIE,Hass,Lula,Foliar,Fruto en cosecha (? 21.5% MS),2015-2016,706,I,12,26/04/2016,2.12,0.19,1.16,3.29,0.67,0.39,192,113,95,183,108,0.5,250,450
BEGGIE,Hass,Lula,Foliar,Fruto en cosecha (? 21.5% MS),2015-2016,877,IV,18,26/04/2016,1.99,0.21,1.24,2.87,0.67,0.39,203,129,81,110,112,3,250,715
BEGGIE,Hass,Lula,Foliar,Fruto en cosecha (? 21.5% MS),2015-2016,1258,III,21,26/04/2016,1.96,0.18,1.06,2.43,0.56,0.32,154,102,63,99,92,0.2,250,637
BEGGIE,Hass,Zutano,Foliar,Fruto en cosecha (? 21.5% MS),2015-2016,767,IV,14,26/04/2016,2.48,0.21,1.36,2.25,0.56,0.4,180,124,126,131,100,0.5,250,856
BEGGIE,Hass,Zutano,Foliar,Fruto en cosecha (? 21.5% MS),2015-2016,778,I,15,26/04/2016,2.31,0.23,1.67,2.3,0.55,0.43,217,124,134,130,98,0.5,250,1024
BEGGIE,Maluma Hass,Zutano,Foliar,Fruto en cosecha (? 21.5% MS),2015-2016,1191,I,11,26/04/2016,2.55,0.2,1.33,2.18,0.54,0.37,172,114,125,136,96,0.4,250,735
BEGGIE,Hass,Zutano,Foliar,Fruto en cosecha (? 21.5% MS),2015-2016,1057,V,23,26/04/2016,2.3,0.2,1.38,2.84,0.7,0.36,187,106,188,235,112,0.2,250,627
BEGGIE,Hass,Zutano,Foliar,Fruto en cosecha (? 21.5% MS),2015-2016,557,VII,10,26/04/2016,2.23,0.21,1.31,2.21,0.54,0.37,187,99,131,128,97,0.3,250,748
BEGGIE,Hass,Antillano,Pulpa,Fruto en cosecha (? 21.5% MS),2015-2016,1087,V,24,26/04/2016,1.11,0.22,2.71,0.04,0.09,0.09,20,7.1,5,35,163,0.1,671.94,97
BEGGIE,Hass,Antillano,Pulpa,Fruto en cosecha (? 21.5% MS),2015-2016,736,II,13,26/04/2016,1.02,0.19,2.33,0.28,0.1,0.08,14,6.9,5,30,132,0.1,468.22,116
BEGGIE,Hass,Lula,Pulpa,Fruto en cosecha (? 21.5% MS),2015-2016,617,X,11,26/04/2016,0.96,0.25,2.46,0.03,0.1,0.16,22,12,5,38,172,0.1,318.18,92
BEGGIE,Hass,Lula,Pulpa,Fruto en cosecha (? 21.5% MS),2015-2016,706,I,12,26/04/2016,1.04,0.23,2.73,0.04,0.1,0.08,18,8.9,5,31,142,0.1,802.23,102
BEGGIE,Hass,Lula,Pulpa,Fruto en cosecha (? 21.5% MS),2015-2016,877,IV,18,26/04/2016,1.19,0.17,1.96,0.04,0.09,0.09,32,7.5,5,35,105,0.3,467.02,110
BEGGIE,Hass,Lula,Pulpa,Fruto en cosecha (? 21.5% MS),2015-2016,1258,III,21,26/04/2016,1.07,0.22,2.62,0.04,0.1,0.08,13,6.4,5,28,130,0.1,781.13,113
BEGGIE,Hass,Zutano,Pulpa,Fruto en cosecha (? 21.5% MS),2015-2016,767,IV,14,26/04/2016,1.21,0.26,3.33,0.03,0.09,0.11,5.9,3.1,5,31,167,0.1,494.55,105
BEGGIE,Hass,Zutano,Pulpa,Fruto en cosecha (? 21.5% MS),2015-2016,778,I,15,26/04/2016,1.23,0.18,2.23,0.06,0.09,0.1,14,3.4,5,28,105,0.1,538.89,196
BEGGIE,Maluma Hass,Zutano,Pulpa,Fruto en cosecha (? 21.5% MS),2015-2016,1191,I,11,26/04/2016,1.22,0.23,2.43,0.04,0.09,0.1,5,2.7,5,32,120,0.2,270.61,100
BEGGIE,Hass,Zutano,Pulpa,Fruto en cosecha (? 21.5% MS),2015-2016,1057,V,23,26/04/2016,1.18,0.21,2.62,0.04,0.09,0.11,5,3.9,5,24,136,0.2,594.14,160
BEGGIE,Hass,Zutano,Pulpa,Fruto en cosecha (? 21.5% MS),2015-2016,557,VII,10,26/04/2016,1.25,0.22,3.24,0.03,0.08,0.09,5,1.7,5,24,143,0.1,480.97,166
BEGGIE,Hass,Antillano,Foliar,Fruto en Crec-1,2015-2016,736,II,13,19/01/2016,2.77,0.22,1.12,0.86,0.35,0.28,144.51,8.41,28.22,63.53,107.63,0.35,57.74,430.46
BEGGIE,Hass,Antillano,Foliar,Fruto en Crec-1,2015-2016,1087,V,24,19/01/2016,2.61,0.2,1,1.37,0.41,0.3,128.15,6.56,92.38,78.05,130.5,0.16,143.69,365.68
BEGGIE,Hass,Lula,Foliar,Fruto en Crec-1,2015-2016,706,I,12,19/01/2016,2.82,0.18,0.94,1.62,0.38,0.28,107.47,6.61,28.78,145.26,93.33,0.33,63.61,222.1
BEGGIE,Hass,Lula,Foliar,Fruto en Crec-1,2015-2016,1258,III,21,19/01/2016,2.55,0.2,0.9,1.77,0.53,0.26,124.37,5.86,30.88,72.86,77.84,0.03,120.62,486.36
BEGGIE,Hass,Lula,Foliar,Fruto en Crec-1,2015-2016,877,IV,18,19/01/2016,3.01,0.2,0.93,2.21,0.54,0.24,124.1,3.23,21.52,43.01,90.29,0.08,71.48,270.76
BEGGIE,Hass,Lula,Foliar,Fruto en Crec-1,2015-2016,617,X,11,19/01/2016,2.81,0.19,1.04,1.43,0.5,0.34,101.07,6.89,45.4,91.82,93.47,0.3,60.64,388.13
BEGGIE,Maluma Hass,Zutano,Foliar,Fruto en Crec-1,2015-2016,1191,I,11,19/01/2016,2.73,0.18,1.21,1.61,0.37,0.22,94.81,5.35,16.4,89.44,66.36,0.18,66.46,347.29
BEGGIE,Hass,Zutano,Foliar,Fruto en Crec-1,2015-2016,1057,V,23,19/01/2016,2.84,0.18,1.08,1.19,0.44,0.3,133.63,5.46,59.75,155.65,86.31,0.13,127.23,533.96
BEGGIE,Hass,Zutano,Foliar,Fruto en Crec-1,2015-2016,778,I,15,19/01/2016,2.95,0.19,1.16,1.35,0.39,0.28,121.72,5.9,41.99,81.31,69.52,0.1,66.41,502.94
BEGGIE,Hass,Zutano,Foliar,Fruto en Crec-1,2015-2016,767,IV,14,19/01/2016,2.97,0.18,1.1,1.24,0.43,0.32,112.16,7.24,36.25,99.35,70.11,0.15,74.69,346.67
BEGGIE,Hass,Zutano,Foliar,Fruto en Crec-1,2015-2016,557,VII,10,19/01/2016,2.93,0.2,1.13,1.06,0.42,0.35,115.13,5.99,56.84,118.17,57.1,0.27,90.24,550.01
BEGGIE,Hass,Antillano,Pulpa,Fruto en Crec-1,2015-2016,736,II,13,19/01/2016,1.33,0.18,1.22,0.14,0.11,0.09,43.8,12.8,5,41.6,106,0.2,250,300
BEGGIE,Hass,Antillano,Pulpa,Fruto en Crec-1,2015-2016,1087,V,24,19/01/2016,1.24,0.18,1.17,0.15,0.1,0.1,46.5,11.5,5.22,41.1,100,0.1,298,300
BEGGIE,Hass,Lula,Pulpa,Fruto en Crec-1,2015-2016,617,X,11,19/01/2016,1.28,0.19,1.47,0.17,0.12,0.09,42.1,13.6,5,42.8,112,0.1,306,300
BEGGIE,Hass,Lula,Pulpa,Fruto en Crec-1,2015-2016,706,I,12,19/01/2016,1.22,0.17,1.17,0.16,0.1,0.09,39.7,10.4,5,40.7,130,0.16,311,300
BEGGIE,Hass,Lula,Pulpa,Fruto en Crec-1,2015-2016,877,IV,18,19/01/2016,1.47,0.17,1.11,0.16,0.1,0.09,40.6,9.93,5,38.3,93.9,0.21,275,300
BEGGIE,Hass,Lula,Pulpa,Fruto en Crec-1,2015-2016,1258,III,21,19/01/2016,1.37,0.18,1.21,0.15,0.11,0.09,47.1,10.5,5,39.6,75.8,0.1,376,300
BEGGIE,Hass,Zutano,Pulpa,Fruto en Crec-1,2015-2016,557,VII,10,19/01/2016,1.59,0.18,1.16,0.18,0.12,0.11,47.3,7.24,5,34,88.5,0.12,290,300
BEGGIE,Maluma Hass,Zutano,Pulpa,Fruto en Crec-1,2015-2016,1191,I,11,19/01/2016,1.26,0.18,1.28,0.15,0.1,0.11,39.8,8.18,5,41.1,107,0.1,250,300
BEGGIE,Hass,Zutano,Pulpa,Fruto en Crec-1,2015-2016,767,IV,14,19/01/2016,1.4,0.18,1.27,0.16,0.11,0.09,37.2,7.4,5,41.2,102,0.17,250,300
BEGGIE,Hass,Zutano,Pulpa,Fruto en Crec-1,2015-2016,778,I,15,19/01/2016,1.42,0.19,1.35,0.14,0.11,0.09,40.3,7.42,5.23,40.9,83.1,0.1,250,300
BEGGIE,Hass,Zutano,Pulpa,Fruto en Crec-1,2015-2016,1057,V,23,19/01/2016,1.23,0.16,1.17,0.14,0.11,0.11,29.9,8.98,5.18,42.4,90.1,0.1,250,300
BEGGIE,Hass,Antillano,Foliar,Fruto en Crec-2,2015-2016,1087,V,24,18/02/2016,2.42,0.2,0.68,1.92,0.52,0.32,199.18,152.51,150.74,77.86,99.55,0.02,99.73,350.26
BEGGIE,Hass,Antillano,Foliar,Fruto en Crec-2,2015-2016,736,II,13,18/02/2016,2.25,0.17,0.82,1.84,0.44,0.28,147.94,6.61,71.7,103.8,120.74,0.09,88.09,217.9
BEGGIE,Hass,Lula,Foliar,Fruto en Crec-2,2015-2016,1258,III,21,18/02/2016,2.35,0.18,0.8,1.63,0.43,0.27,180.52,8.13,27.35,98.67,104.66,0.09,121.18,360.87
BEGGIE,Hass,Lula,Foliar,Fruto en Crec-2,2015-2016,877,IV,18,18/02/2016,2.52,0.2,0.83,2.24,0.51,0.29,210.53,6.79,29.15,41.6,90.59,0.03,130.14,358.03
BEGGIE,Hass,Lula,Foliar,Fruto en Crec-2,2015-2016,706,I,12,18/02/2016,2.51,0.16,0.71,2.11,0.45,0.28,184.17,7.56,44.73,170.21,97.23,0.07,104.29,249.78
BEGGIE,Hass,Lula,Foliar,Fruto en Crec-2,2015-2016,617,X,11,18/02/2016,2.21,0.19,1.01,1.69,0.53,0.4,142.9,6.4,58.59,90.21,120.82,0.14,85.17,319.2
BEGGIE,Hass,Zutano,Foliar,Fruto en Crec-2,2015-2016,778,I,15,18/02/2016,2.81,0.2,1.31,1.4,0.39,0.33,231.1,11.05,60.54,89.25,83.17,0.09,155.1,652.22
BEGGIE,Maluma Hass,Zutano,Foliar,Fruto en Crec-2,2015-2016,1191,I,11,18/02/2016,2.75,0.16,1.06,1.56,0.38,0.25,165.57,6.95,30.94,102.81,67.65,0.27,151.64,383.41
BEGGIE,Hass,Zutano,Foliar,Fruto en Crec-2,2015-2016,1057,V,23,18/02/2016,2.38,0.16,0.75,1.43,0.49,0.33,210.97,217.87,63.86,185.82,66.57,0.3,101.73,496.03
BEGGIE,Hass,Zutano,Foliar,Fruto en Crec-2,2015-2016,557,VII,10,18/02/2016,2.57,0.19,1.23,1.38,0.43,0.29,189.66,252.96,71,98.7,77.96,0.02,142.76,859.03
BEGGIE,Hass,Zutano,Foliar,Fruto en Crec-2,2015-2016,767,IV,14,18/02/2016,2.55,0.18,0.99,1.32,0.39,0.29,148.67,10.69,51.08,128.77,70.79,0.08,146.82,405.35
BEGGIE,Hass,Antillano,Pulpa,Fruto en Crec-2,2015-2016,736,II,13,18/02/2016,1.08,0.23,1.74,0.09,0.12,0.1,51.25,12.31,4.55,48.71,129.07,0.17,286.62,223.18
BEGGIE,Hass,Antillano,Pulpa,Fruto en Crec-2,2015-2016,1087,V,24,18/02/2016,1.12,0.2,1.75,0.07,0.12,0.09,39.64,14.05,5.03,42.53,106.63,0.08,365.9,156.06
BEGGIE,Hass,Lula,Pulpa,Fruto en Crec-2,2015-2016,877,IV,18,18/02/2016,1.14,0.24,1.74,0.08,0.12,0.1,49.25,12.38,4.86,48.96,135.24,0.26,286.87,221
BEGGIE,Hass,Lula,Pulpa,Fruto en Crec-2,2015-2016,1258,III,21,18/02/2016,1.15,0.2,1.67,0.07,0.12,0.09,36.87,13.98,5.32,40.04,102.63,0.23,348.08,132.58
BEGGIE,Hass,Lula,Pulpa,Fruto en Crec-2,2015-2016,706,I,12,18/02/2016,1.01,0.2,1.56,0.08,0.11,0.09,36.68,13.78,4.96,37.36,125.74,0.01,287.63,97.97
BEGGIE,Hass,Lula,Pulpa,Fruto en Crec-2,2015-2016,617,X,11,18/02/2016,1.12,0.2,1.74,0.06,0.12,0.1,39.56,15.8,4.42,45.3,119.68,0.19,185.16,73.92
BEGGIE,Hass,Zutano,Pulpa,Fruto en Crec-2,2015-2016,778,I,15,18/02/2016,1.3,0.25,1.86,0.08,0.12,0.11,53.51,11.18,3.86,45.68,116.71,0.07,397.27,276.58
BEGGIE,Hass,Zutano,Pulpa,Fruto en Crec-2,2015-2016,767,IV,14,18/02/2016,1.07,0.2,1.53,0.1,0.11,0.11,46.57,9.35,3.93,41.68,126.91,0.2,359.62,296.11
BEGGIE,Hass,Zutano,Pulpa,Fruto en Crec-2,2015-2016,1057,V,23,18/02/2016,1.15,0.23,1.71,0.09,0.12,0.1,51.88,12.89,4.86,47.99,133.33,0,334.81,142.54
BEGGIE,Hass,Zutano,Pulpa,Fruto en Crec-2,2015-2016,557,VII,10,18/02/2016,1.02,0.2,1.59,0.09,0.12,0.09,38.55,13.67,4.83,37.91,123.72,0.16,268.96,101.79
BEGGIE,Maluma Hass,Zutano,Pulpa,Fruto en Crec-2,2015-2016,1191,I,11,18/02/2016,1.08,0.2,1.71,0.07,0.12,0.1,42.75,16.14,4.06,48.2,120.24,0.07,210.35,81.69
BEGGIE,Hass,Antillano,Foliar,Fruto en Crec-3,2015-2016,736,II,13,21/03/2016,2.27,0.17,0.8,2.28,0.55,0.33,183,49,185,104,93,0.1,250,337
BEGGIE,Hass,Antillano,Foliar,Fruto en Crec-3,2015-2016,1087,V,24,21/03/2016,2.23,0.18,0.79,2.38,0.55,0.32,207,47,184,104,95,0.1,250,235
BEGGIE,Hass,Lula,Foliar,Fruto en Crec-3,2015-2016,617,X,11,21/03/2016,2.36,0.17,1.16,1.82,0.52,0.33,176,7.5,91,130,78,0.1,250,719
BEGGIE,Hass,Lula,Foliar,Fruto en Crec-3,2015-2016,706,I,12,21/03/2016,2.28,0.17,1.07,2.49,0.48,0.28,181,8.7,72,160,101,0.1,250,372
BEGGIE,Hass,Lula,Foliar,Fruto en Crec-3,2015-2016,1258,III,21,21/03/2016,2.08,0.19,0.88,2.26,0.6,0.26,167,81,41,83,73,0.1,250,641
BEGGIE,Hass,Lula,Foliar,Fruto en Crec-3,2015-2016,877,IV,18,21/03/2016,2.18,0.16,1.16,1.83,0.49,0.31,174,6.8,88,122,73,0.1,250,700
BEGGIE,Hass,Zutano,Foliar,Fruto en Crec-3,2015-2016,557,VII,10,21/03/2016,2.3,0.19,0.86,2.25,0.63,0.27,222,78,45,84,73,0.1,255.22,7.28
BEGGIE,Hass,Zutano,Foliar,Fruto en Crec-3,2015-2016,778,I,15,21/03/2016,2.35,0.17,1.14,1.79,0.53,0.34,195,7.7,94,134,79,0.1,250,750
BEGGIE,Hass,Zutano,Foliar,Fruto en Crec-3,2015-2016,767,IV,14,21/03/2016,2.32,0.16,1.12,1.8,0.52,0.32,166,6.7,90,125,75,0.1,250,676
BEGGIE,Hass,Zutano,Foliar,Fruto en Crec-3,2015-2016,1057,V,23,21/03/2016,2.47,0.16,1.12,1.62,0.5,0.33,171,97,97,257,74,0.1,250,976
BEGGIE,Maluma Hass,Zutano,Foliar,Fruto en Crec-3,2015-2016,1191,I,11,21/03/2016,2.17,0.15,1.16,1.7,0.49,0.3,152,89,92,238,71,0.1,250,968
BEGGIE,Hass,Antillano,Pulpa,Fruto en Crec-3,2015-2016,736,II,13,21/03/2016,1.03,0.2,1.94,0.05,0.09,0.09,35,11,5.5,36,131,0.1,334.22,63
BEGGIE,Hass,Antillano,Pulpa,Fruto en Crec-3,2015-2016,1087,V,24,21/03/2016,0.97,0.18,1.66,0.07,0.11,0.12,39,7.5,7.9,31,105,0.1,294.68,166
BEGGIE,Hass,Lula,Pulpa,Fruto en Crec-3,2015-2016,706,I,12,21/03/2016,1.22,0.17,1.53,0.08,0.11,0.09,75,6.5,9,30,109,0.1,250,52
BEGGIE,Hass,Lula,Pulpa,Fruto en Crec-3,2015-2016,617,X,11,21/03/2016,0.87,0.19,1.87,0.06,0.1,0.1,35,10,5,35,128,0.1,250,57
BEGGIE,Hass,Lula,Pulpa,Fruto en Crec-3,2015-2016,1258,III,21,21/03/2016,0.97,0.19,1.79,0.05,0.09,0.08,67,11,6.7,35,131,0.1,296.85,39
BEGGIE,Hass,Lula,Pulpa,Fruto en Crec-3,2015-2016,877,IV,18,21/03/2016,0.98,0.19,1.93,0.04,0.09,0.09,33,11,5.3,35,131,0.1,345.34,46
BEGGIE,Hass,Zutano,Pulpa,Fruto en Crec-3,2015-2016,557,VII,10,21/03/2016,1.09,0.19,1.82,0.05,0.09,0.1,26,5.6,6.6,30,110,0.1,298.63,51
BEGGIE,Hass,Zutano,Pulpa,Fruto en Crec-3,2015-2016,778,I,15,21/03/2016,1.25,0.18,1.75,0.07,0.12,0.11,46,8.2,7.8,36,123,0.1,250,39
BEGGIE,Hass,Zutano,Pulpa,Fruto en Crec-3,2015-2016,767,IV,14,21/03/2016,0.97,0.19,1.89,0.04,0.09,0.09,46,10,5.7,33,129,0.1,312.44,52
BEGGIE,Hass,Zutano,Pulpa,Fruto en Crec-3,2015-2016,1057,V,23,21/03/2016,1.17,0.18,1.74,0.05,0.09,0.1,415,6.2,18,31,102,0.1,297.77,228
BEGGIE,Maluma Hass,Zutano,Pulpa,Fruto en Crec-3,2015-2016,1191,I,11,21/03/2016,1.19,0.17,1.43,0.09,0.13,0.08,31,5,8,28,110,0.1,250,64
BEGGIE,Hass,Antillano,Foliar,Fruto en media cosecha (? 24% MS),2015-2016,736,II,13,22/06/2016,2.01,0.17,0.82,2.56,0.47,0.34,225,80,178,97,70,0.3,250,406
BEGGIE,Hass,Antillano,Foliar,Fruto en media cosecha (? 24% MS),2015-2016,1087,V,24,22/06/2016,1.87,0.27,0.94,2.44,0.46,0.34,184,77,189,125,88,0.1,250,466
BEGGIE,Hass,Lula,Foliar,Fruto en media cosecha (? 24% MS),2015-2016,877,IV,18,22/06/2016,2.05,0.17,0.81,3.65,0.59,0.25,219,82,86,42,57,0.4,250,407
BEGGIE,Hass,Lula,Foliar,Fruto en media cosecha (? 24% MS),2015-2016,1258,III,21,22/06/2016,1.88,0.19,0.9,2.82,0.61,,187,98,88,120,62,0.4,250,745
BEGGIE,Hass,Lula,Foliar,Fruto en media cosecha (? 24% MS),2015-2016,617,X,11,22/06/2016,1.71,0.16,1.05,2.48,0.53,,283,113,82,118,91,0.6,250,418
BEGGIE,Hass,Lula,Foliar,Fruto en media cosecha (? 24% MS),2015-2016,706,I,12,22/06/2016,1.94,0.16,0.95,2.87,0.51,0.38,225,85,82,131,70,0.1,250,400
BEGGIE,Hass,Lula,Foliar,Fruto en media cosecha (? 24% MS),2015-2016,514,IV,9,16/07/2016,1.75,0.13,1,2.68,0.57,0.41,194,115,219,169,85,,250,577
BEGGIE,Hass,Zutano,Foliar,Fruto en media cosecha (? 24% MS),2015-2016,767,IV,14,22/06/2016,2.24,0.18,1.06,2.01,0.43,0.36,263,80,110,135,55,0.2,250,712
BEGGIE,Maluma Hass,Zutano,Foliar,Fruto en media cosecha (? 24% MS),2015-2016,1191,I,11,22/06/2016,2.06,0.15,0.99,2,0.38,0.28,172,117,92,229,37,0.1,250,851
BEGGIE,Hass,Zutano,Foliar,Fruto en media cosecha (? 24% MS),2015-2016,1057,V,23,22/06/2016,2.17,0.16,0.92,2.01,0.52,0.46,174,76,148,255,78,0.4,250,752
BEGGIE,Hass,Zutano,Foliar,Fruto en media cosecha (? 24% MS),2015-2016,778,I,15,22/06/2016,2.17,0.17,1.12,1.56,0.36,0.34,231,104,114,105,57,0.1,250,974
BEGGIE,Hass,Zutano,Foliar,Fruto en media cosecha (? 24% MS),2015-2016,557,VII,10,22/06/2016,2.32,0.18,1.28,1.66,0.38,,280,110,121,98,69,0.8,250,1139
BEGGIE,Hass,Antillano,Pulpa,Fruto en media cosecha (? 24% MS),2015-2016,1087,V,24,22/06/2016,0.85,0.21,1.8,0.03,0.07,0.12,16,13,5,28,109,0.2,618.67,250
BEGGIE,Hass,Lula,Pulpa,Fruto en media cosecha (? 24% MS),2015-2016,877,IV,18,22/06/2016,0.89,0.16,1.74,0.03,0.07,0.08,20,2,5,17,96,0.1,285.47,250
BEGGIE,Hass,Lula,Pulpa,Fruto en media cosecha (? 24% MS),2015-2016,1258,III,21,22/06/2016,0.83,0.24,1.66,0.04,0.08,,13,4.8,5,28,85,0.3,1085.5,250
BEGGIE,Hass,Lula,Pulpa,Fruto en media cosecha (? 24% MS),2015-2016,617,X,11,22/06/2016,0.69,0.2,1.81,0.04,0.08,,27,11,5,29,126,0.1,250,250
BEGGIE,Hass,Lula,Pulpa,Fruto en media cosecha (? 24% MS),2015-2016,514,IV,9,16/07/2016,0.64,0.16,1.7,0.03,0.1,0.11,50.3,5,5.39,19.74,54.37,0.1,620.46,250
BEGGIE,Hass,Zutano,Pulpa,Fruto en media cosecha (? 24% MS),2015-2016,557,VII,10,02/06/2016,0.66,0.15,1.54,0.05,0.09,0.08,23,5.9,5.5,18,96,0.1,250,265
BEGGIE,Hass,Zutano,Pulpa,Fruto en media cosecha (? 24% MS),2015-2016,1057,V,23,02/06/2016,0.76,0.16,1.58,0.03,0.09,0.08,23,6.7,5.7,23,95,0.1,250,250
BEGGIE,Hass,Zutano,Pulpa,Fruto en media cosecha (? 24% MS),2015-2016,778,I,15,02/06/2016,1.03,0.16,1.97,0.03,0.09,0.08,24,9.2,5,23,93,0.3,250,250
BEGGIE,Hass,Zutano,Pulpa,Fruto en media cosecha (? 24% MS),2015-2016,767,IV,14,02/06/2016,0.77,0.13,1.5,0.03,0.09,0.06,20,8.3,5,17,73,0.3,250,250
BEGGIE,Hass,Zutano,Pulpa,Fruto en media cosecha (? 24% MS),2015-2016,1057,V,23,22/06/2016,0.88,0.17,1.58,0.03,0.07,0.07,6.9,1.7,5,25,72,0.3,365.19,250
BEGGIE,Hass,Zutano,Pulpa,Fruto en media cosecha (? 24% MS),2015-2016,778,I,15,22/06/2016,0.83,0.23,2,0.04,0.09,0.1,15,7,5,33,124,0.1,305.21,250
BEGGIE,Hass,Zutano,Pulpa,Fruto en media cosecha (? 24% MS),2015-2016,557,VII,10,22/06/2016,0.99,0.24,1.8,0.04,0.08,,10,7.7,5,21,70,0.2,281.04,250
BEGGIE,Hass,Antillano,Foliar,Fruto tamaño aceituna,2015-2016,1087,V,24,22/12/2015,2.72,0.2,1.49,1.01,0.3,0.26,134,6.1,28,47,77,0.1,250,300
BEGGIE,Hass,Antillano,Foliar,Fruto tamaño aceituna,2015-2016,736,II,13,22/12/2015,2.88,0.25,1.41,1.41,0.41,0.33,293,8,47,78,81,0.1,250,314
BEGGIE,Hass,Lula,Foliar,Fruto tamaño aceituna,2015-2016,877,IV,18,22/12/2015,2.58,0.21,1.22,0.97,0.31,0.28,137,7.3,34,43,43,0.1,250,300
BEGGIE,Hass,Lula,Foliar,Fruto tamaño aceituna,2015-2016,1258,III,21,22/12/2015,2.61,0.18,1.4,1.1,0.28,0.26,147,6,65,50,65,0.1,250,300
BEGGIE,Hass,Lula,Foliar,Fruto tamaño aceituna,2015-2016,617,X,11,22/12/2015,2.83,0.25,1.1,1.34,0.42,0.29,140,10,15,127,99,0.3,250,300
BEGGIE,Hass,Lula,Foliar,Fruto tamaño aceituna,2015-2016,706,I,12,22/12/2015,2.6,0.24,1.1,1.45,0.41,0.28,130,10,18,121,97,0.8,250,300
BEGGIE,Hass,Zutano,Foliar,Fruto tamaño aceituna,2015-2016,557,VII,10,22/12/2015,2.7,0.22,1.28,1.44,0.42,0.35,246,9.6,53,116,83,1.1,250,313
BEGGIE,Maluma Hass,Zutano,Foliar,Fruto tamaño aceituna,2015-2016,1191,I,11,22/12/2015,2.82,0.24,1.43,1.48,0.41,0.33,271,7.9,46,74,78,0.1,250,365
BEGGIE,Hass,Zutano,Foliar,Fruto tamaño aceituna,2015-2016,1057,V,23,22/12/2015,2.44,0.26,1.19,1.21,0.42,0.47,188,9.5,32,105,106,0.1,250,300
BEGGIE,Hass,Zutano,Foliar,Fruto tamaño aceituna,2015-2016,767,IV,14,22/12/2015,2.64,0.2,1.41,0.96,0.29,0.26,142,6,30,48,76,0.16,250,300
BEGGIE,Hass,Zutano,Foliar,Fruto tamaño aceituna,2015-2016,778,I,15,22/10/2015,3.12,0.24,1.29,1.1,0.39,0.33,280,9,49,96,74,0.1,250,300
BEGGIE,Hass,Antillano,Foliar,Antesis,2016-2017,1087,V,24,19/09/2016,2.15,0.33,1.84,0.84,0.27,0.21,94,17,57,64,180,0.1,250,250
BEGGIE,Hass,Antillano,Foliar,Antesis,2016-2017,736,II,13,19/09/2016,2.28,0.35,1.2,0.59,0.19,0.3,148,18,70,100,252,0.4,250,250
BEGGIE,Hass,Lula,Foliar,Antesis,2016-2017,617,X,11,19/09/2016,2.7,0.38,1.55,0.71,0.26,0.28,114,17,21,59,147,0.1,250,250
BEGGIE,Hass,Lula,Foliar,Antesis,2016-2017,1258,III,21,19/09/2016,2,0.34,1.92,0.98,0.31,0.27,137,17,37,83,163,0.1,250,250
BEGGIE,Hass,Lula,Foliar,Antesis,2016-2017,514,IV,9,19/09/2016,2.19,0.25,1.59,0.87,0.27,0.23,89,10,64,47,160,0.1,250,250
BEGGIE,Hass,Lula,Foliar,Antesis,2016-2017,877,IV,18,19/09/2016,2.17,0.26,1.31,0.88,0.28,0.2,94,11,27,51,136,0.1,250,250
BEGGIE,Hass,Lula,Foliar,Antesis,2016-2017,706,I,12,19/09/2016,2.18,0.31,1.41,0.76,0.24,0.24,110,17,25,56,156,0.1,250,250
BEGGIE,Hass,Zutano,Foliar,Antesis,2016-2017,557,VII,10,19/09/2016,2.4,0.33,1.84,0.94,0.35,0.35,138,13,52,58,195,0.6,250,250
BEGGIE,Hass,Zutano,Foliar,Antesis,2016-2017,778,I,15,19/09/2016,2.49,0.33,1.96,1.13,0.35,0.41,188,14,68,78,174,0.1,250,424
BEGGIE,Maluma Hass,Zutano,Foliar,Antesis,2016-2017,1191,I,11,19/09/2016,2.6,0.41,1.93,0.75,0.26,0.25,101,14,29,60,92,0.1,250,250
BEGGIE,Hass,Zutano,Foliar,Antesis,2016-2017,767,IV,14,19/09/2016,2.09,0.2,1.29,1,0.28,0.2,106,9.2,51,67,120,0.1,250,250
BEGGIE,Hass,Zutano,Foliar,Antesis,2016-2017,1057,V,23,19/09/2016,2.25,0.27,1.65,0.72,0.27,0.24,79,12,36,66,131,0.1,250,306
BEGGIE,Hass,Antillano,Foliar,Cuajado de fruto,2016-2017,1087,V,24,17/10/2016,1.87,0.21,0.66,2.52,0.52,0.29,202,45,206,98,83,0.6,250,416
BEGGIE,Hass,Antillano,Foliar,Cuajado de fruto,2016-2017,736,II,13,17/10/2016,2.09,0.23,1.17,1.09,0.33,0.29,98,9.4,43,78,164,0.4,250,250
BEGGIE,Hass,Lula,Foliar,Cuajado de fruto,2016-2017,617,X,11,17/10/2016,2.49,0.28,1.55,1.02,0.36,0.4,105,10,40,84,242,0.1,250,266
BEGGIE,Hass,Lula,Foliar,Cuajado de fruto,2016-2017,514,IV,9,17/10/2016,2.46,0.23,1.28,1.17,0.36,0.35,87,7.8,77,66,200,0.3,250,250
BEGGIE,Hass,Lula,Foliar,Cuajado de fruto,2016-2017,877,IV,18,17/10/2016,2.26,0.22,1.09,1.17,0.33,0.27,76,7.6,29,48,142,0.2,250,250
BEGGIE,Hass,Lula,Foliar,Cuajado de fruto,2016-2017,1258,III,21,17/10/2016,2.05,0.2,1.21,0.91,0.28,0.29,79,7.9,29,90,124,0.4,250,250
BEGGIE,Hass,Lula,Foliar,Cuajado de fruto,2016-2017,706,I,12,17/10/2016,2.28,0.23,1.26,1,0.32,0.32,112,10,28,93,181,0.7,250,273
BEGGIE,Hass,Zutano,Foliar,Cuajado de fruto,2016-2017,557,VII,10,17/10/2016,2.12,0.21,1.18,0.74,0.26,0.24,80,7.5,36,65,133,0.2,250,290
BEGGIE,Hass,Zutano,Foliar,Cuajado de fruto,2016-2017,1057,V,23,17/10/2016,1.81,0.13,0.83,2.77,0.62,0.44,177,45,149,247,103,0.3,250,727
BEGGIE,Hass,Zutano,Foliar,Cuajado de fruto,2016-2017,778,I,15,17/10/2016,2.39,0.25,1.41,0.81,0.31,0.29,113,8.8,49,83,172,0.3,250,520
BEGGIE,Hass,Zutano,Foliar,Cuajado de fruto,2016-2017,767,IV,14,17/10/2016,2.59,0.2,1.21,1.06,0.36,0.32,103,7.6,56,95,109,0.2,250,265
BEGGIE,Maluma Hass,Zutano,Foliar,Cuajado de fruto,2016-2017,1191,I,11,17/10/2016,2.59,0.27,1.54,0.87,0.3,0.33,85,9.1,26,58,142,0.4,250,363
BEGGIE,Hass,Antillano,Foliar,Fruto tamaño aceituna,2016-2017,736,II,13,17/11/2016,2.07,0.24,1.54,1.28,0.42,0.37,90,7.2,35,88,109,0.1,250,372
BEGGIE,Hass,Antillano,Foliar,Fruto tamaño aceituna,2016-2017,1087,V,24,17/11/2016,2.56,0.21,1.36,1.21,0.38,0.32,135,8,64,143,109,0.1,250,398
BEGGIE,Hass,Lula,Foliar,Fruto tamaño aceituna,2016-2017,514,IV,9,17/11/2016,2.1,0.25,1.54,1.29,0.46,0.55,88,7.8,32,129,168,0.2,250,380
BEGGIE,Hass,Lula,Foliar,Fruto tamaño aceituna,2016-2017,706,I,12,17/11/2016,2.16,0.24,1.91,1.15,0.39,0.41,106,7.9,64,98,92,0.2,250,900
BEGGIE,Hass,Lula,Foliar,Fruto tamaño aceituna,2016-2017,617,X,11,17/11/2016,2.53,0.27,1.54,1.3,0.51,0.62,109,8.2,35,143,178,0.1,250,382
BEGGIE,Hass,Lula,Foliar,Fruto tamaño aceituna,2016-2017,1258,III,21,17/11/2016,2.17,0.25,1.55,1.18,0.43,0.45,94,7.7,35,155,141,0.2,250,654
BEGGIE,Hass,Lula,Foliar,Fruto tamaño aceituna,2016-2017,877,IV,18,17/11/2016,2.2,0.24,1.56,1.3,0.43,0.38,97,7.5,36,92,112,0.1,250,361
BEGGIE,Hass,Zutano,Foliar,Fruto tamaño aceituna,2016-2017,557,VII,10,17/11/2016,2.35,0.24,1.76,1.09,0.38,0.39,111,7.4,64,94,95,0.1,250,812
BEGGIE,Hass,Zutano,Foliar,Fruto tamaño aceituna,2016-2017,767,IV,14,17/11/2016,2.88,0.21,1.34,1.17,0.4,0.34,155,8.9,69,158,114,0.4,250,388
BEGGIE,Maluma Hass,Zutano,Foliar,Fruto tamaño aceituna,2016-2017,1191,I,11,17/11/2016,2.53,0.28,1.72,0.97,0.38,0.45,111,9.4,29,90,137,0.1,250,523
BEGGIE,Hass,Zutano,Foliar,Fruto tamaño aceituna,2016-2017,1057,V,23,17/11/2016,2.21,0.25,1.57,1.37,0.42,0.37,102,7.3,36,90,112,0.2,250,379
BEGGIE,Hass,Zutano,Foliar,Fruto tamaño aceituna,2016-2017,778,I,15,17/11/2016,2.42,0.25,1.56,1.21,0.45,0.46,106,8.2,37,163,143,0.1,250,663
BEGGIE,Hass,Antillano,Pulpa,Fruto tamaño aceituna,2016-2017,736,II,13,17/11/2016,1.5,0.3,1.38,0.19,0.15,0.14,48,15,11,57,132,0.1,250,250
BEGGIE,Hass,Antillano,Pulpa,Fruto tamaño aceituna,2016-2017,1087,V,24,17/11/2016,1.97,0.31,1.38,0.18,0.15,0.16,50,16,12,62,151,0.3,250,250
BEGGIE,Hass,Lula,Pulpa,Fruto tamaño aceituna,2016-2017,514,IV,9,17/11/2016,1.42,0.24,1.35,0.16,0.12,0.12,39,12,12,51,113,0.4,250,250
BEGGIE,Hass,Lula,Pulpa,Fruto tamaño aceituna,2016-2017,706,I,12,17/11/2016,1.81,0.32,1.32,0.24,0.17,0.17,53,14,9.1,61,118,0.1,250,250
BEGGIE,Hass,Lula,Pulpa,Fruto tamaño aceituna,2016-2017,1258,III,21,17/11/2016,1.9,0.32,1.33,0.25,0.18,0.16,60,15,9.6,61,119,0.1,250,250
BEGGIE,Hass,Lula,Pulpa,Fruto tamaño aceituna,2016-2017,877,IV,18,17/11/2016,1.96,0.28,1.31,0.16,0.15,0.14,46,12,8.7,56,96,0.1,250,250
BEGGIE,Hass,Lula,Pulpa,Fruto tamaño aceituna,2016-2017,617,X,11,17/11/2016,1.62,0.28,1.4,0.13,0.13,0.13,50,11,8.3,49,116,0.2,250,250
BEGGIE,Hass,Zutano,Pulpa,Fruto tamaño aceituna,2016-2017,557,VII,10,17/11/2016,1.95,0.26,1.25,0.14,0.14,0.11,32,10,9.8,50,89,0.1,250,250
BEGGIE,Hass,Zutano,Pulpa,Fruto tamaño aceituna,2016-2017,767,IV,14,17/11/2016,1.85,0.31,1.31,0.24,0.17,0.16,55,14,9.2,61,120,0.1,250,250
BEGGIE,Hass,Zutano,Pulpa,Fruto tamaño aceituna,2016-2017,778,I,15,22/11/2016,1.87,0.27,1.28,0.14,0.15,0.15,53,10,10,56,111,0.4,250,250
BEGGIE,Hass,Zutano,Pulpa,Fruto tamaño aceituna,2016-2017,1057,V,23,17/11/2016,1.73,0.27,1.27,0.16,0.16,0.17,44,10,9.7,55,130,0.4,250,250
BEGGIE,Maluma Hass,Zutano,Pulpa,Fruto tamaño aceituna,2016-2017,1191,I,11,17/11/2016,2.05,0.31,1.52,0.12,0.15,0.16,51,10,9.4,53,107,0.4,250,250
INAGRO,Hass,Degania,Foliar,Antesis,2016-2017,45-46,I,502,03/08/2016,2.37,0.2,1.04,2.77,0.49,0.26,310,5.88,101,30.2,63.27,0.22,250,574
INAGRO,Hass,Lula,Foliar,Antesis,2016-2017,5193,III,509,03/08/2016,1.99,0.14,0.84,1.98,0.41,0.17,222,3.5,84,22,58,0.1,250,446
INAGRO,Hass,Lula,Foliar,Antesis,2016-2017,5232,II,510,03/08/2016,2.44,0.2,0.98,3,0.58,0.25,254,4.8,121,30,74,0.2,250,493
INAGRO,Hass,Tzifrin,Foliar,Antesis,2016-2017,38-39,II,502,03/08/2016,2.1,0.18,0.97,2.97,0.53,0.31,323,5,120,33.5,64.3,0.1,250,527
INAGRO,Hass,Zutano,Foliar,Antesis,2016-2017,5085,III,504,03/08/2016,2.18,0.19,1.14,2.74,0.52,0.33,265,3.7,108,27,76,0.4,250,477
INAGRO,Hass,Degania,Foliar,Cuajado de fruto,2016-2017,45-46,I,502,07/09/2016,1.83,0.19,1.71,1.17,0.29,0.18,227,5,29,49.1,54.5,0.51,250,250
INAGRO,Hass,Lula,Foliar,Cuajado de fruto,2016-2017,5193,III,509,07/09/2016,1.84,0.14,1.57,2.14,0.39,0.26,255,5,99,86,64,1.09,250,252
INAGRO,Hass,Lula,Foliar,Cuajado de fruto,2016-2017,5232,II,510,07/09/2016,2.27,0.18,1.8,1.62,0.36,0.21,255,5,99,86,64,1.09,250,250
INAGRO,Hass,Tzifrin,Foliar,Cuajado de fruto,2016-2017,38-39,II,502,07/09/2016,1.83,0.22,1.15,1.04,0.29,0.09,229,5,31.4,42.3,49.4,0.38,250,250
INAGRO,Hass,Zutano,Foliar,Cuajado de fruto,2016-2017,5085,III,504,07/09/2016,1.99,0.18,1.89,1.03,0.28,0.22,208,2.4,32,98,51,0.9,250,250
INAGRO,Hass,Degania,Pulpa,Fruto en Crec-1,2016-2017,5045,I,502,15/11/2016,1.08,0.17,1.44,0.21,0.09,0.11,52,3.8,5,31,45,0.1,250,250
INAGRO,Hass,Lula,Pulpa,Fruto en Crec-1,2016-2017,5232,II,510,15/11/2016,1.19,0.18,1.69,0.17,0.09,0.12,48,6.1,5,32,39,0.1,250,250
INAGRO,Hass,Lula,Pulpa,Fruto en Crec-1,2016-2017,5193,III,509,15/11/2016,1.31,0.17,1.5,0.21,0.1,0.13,46,4.6,5,33,46,0.1,250,250
INAGRO,Hass,Lula,Pulpa,Fruto en Crec-1,2016-2017,5159,II,507,15/11/2016,1.1,0.18,1.7,0.22,0.1,0.13,44,4.1,5,35,52,0.1,250,250
INAGRO,Hass,Tzifrin,Pulpa,Fruto en Crec-1,2016-2017,5038,II,502,15/11/2016,1.55,0.2,1.43,0.23,0.11,0.14,63,5.4,5,37,49,0.1,250,250
INAGRO,Hass,Zutano,Pulpa,Fruto en Crec-1,2016-2017,5085,III,504,15/11/2016,1.2,0.17,1.56,0.19,0.1,0.13,45,4,5,29,43,0.1,250,250
INAGRO,Hass,Degania,Pulpa,Fruto tamaño aceituna,2016-2017,5045,I,502,04/10/2016,2,0.28,1.51,0.43,0.2,0.18,69,10,10,48,55,0.9,354,250
INAGRO,Hass,Lula,Pulpa,Fruto tamaño aceituna,2016-2017,5232,II,510,04/10/2016,1.32,0.19,1.15,0.3,0.13,0.15,48,7.7,10,36,49,0.1,362,250
INAGRO,Hass,Lula,Pulpa,Fruto tamaño aceituna,2016-2017,5193,III,509,21/10/2016,1.36,0.2,1.32,0.28,0.13,0.11,64,5.7,10,41,49,0.5,350,252
INAGRO,Hass,Lula,Pulpa,Fruto tamaño aceituna,2016-2017,5159,II,507,04/10/2016,1.28,0.2,1.22,0.32,0.13,0.12,61,4.5,10,42,53,0.4,282,250
INAGRO,Hass,Tzifrin,Pulpa,Fruto tamaño aceituna,2016-2017,5038,II,502,21/10/2016,1.6,0.2,1.18,0.42,0.15,0.14,74,5.7,7.6,42,51,0.6,324,250
INAGRO,Hass,Zutano,Pulpa,Fruto tamaño aceituna,2016-2017,5085,III,504,04/10/2016,1.93,0.25,1.53,0.25,0.16,0.15,60,4.9,10,39,52,0.6,250,250
